-- MariaDB dump 10.19-11.2.2-MariaDB, for osx10.19 (x86_64)
--
-- Host: localhost    Database: rt5
-- ------------------------------------------------------
-- Server version	11.2.2-MariaDB-1:11.2.2+maria~ubu2204

/*!40101 SET @OLD_CHARACTER_SET_CLIENT=@@CHARACTER_SET_CLIENT */;
/*!40101 SET @OLD_CHARACTER_SET_RESULTS=@@CHARACTER_SET_RESULTS */;
/*!40101 SET @OLD_COLLATION_CONNECTION=@@COLLATION_CONNECTION */;
/*!40101 SET NAMES utf8mb4 */;
/*!40103 SET @OLD_TIME_ZONE=@@TIME_ZONE */;
/*!40103 SET TIME_ZONE='+00:00' */;
/*!40014 SET @OLD_UNIQUE_CHECKS=@@UNIQUE_CHECKS, UNIQUE_CHECKS=0 */;
/*!40014 SET @OLD_FOREIGN_KEY_CHECKS=@@FOREIGN_KEY_CHECKS, FOREIGN_KEY_CHECKS=0 */;
/*!40101 SET @OLD_SQL_MODE=@@SQL_MODE, SQL_MODE='NO_AUTO_VALUE_ON_ZERO' */;
/*!40111 SET @OLD_SQL_NOTES=@@SQL_NOTES, SQL_NOTES=0 */;

--
-- Table structure for table `ACL`
--

DROP TABLE IF EXISTS `ACL`;
/*!40101 SET @saved_cs_client     = @@character_set_client */;
/*!40101 SET character_set_client = utf8 */;
CREATE TABLE `ACL` (
  `id` int(11) NOT NULL AUTO_INCREMENT,
  `PrincipalType` varchar(25) CHARACTER SET ascii COLLATE ascii_general_ci NOT NULL,
  `PrincipalId` int(11) NOT NULL DEFAULT 0,
  `RightName` varchar(25) CHARACTER SET ascii COLLATE ascii_general_ci NOT NULL,
  `ObjectType` varchar(25) CHARACTER SET ascii COLLATE ascii_general_ci NOT NULL,
  `ObjectId` int(11) NOT NULL DEFAULT 0,
  `Creator` int(11) NOT NULL DEFAULT 0,
  `Created` datetime DEFAULT NULL,
  `LastUpdatedBy` int(11) NOT NULL DEFAULT 0,
  `LastUpdated` datetime DEFAULT NULL,
  PRIMARY KEY (`id`),
  KEY `ACL1` (`RightName`,`ObjectType`,`ObjectId`,`PrincipalType`,`PrincipalId`)
) ENGINE=InnoDB AUTO_INCREMENT=7 DEFAULT CHARSET=utf8mb4 COLLATE=utf8mb4_general_ci;
/*!40101 SET character_set_client = @saved_cs_client */;

--
-- Dumping data for table `ACL`
--

LOCK TABLES `ACL` WRITE;
/*!40000 ALTER TABLE `ACL` DISABLE KEYS */;
INSERT INTO `ACL` VALUES
(1,'Group',2,'SuperUser','RT::System',1,1,'2024-02-06 15:10:02',1,'2024-02-06 15:10:02'),
(2,'Group',7,'OwnTicket','RT::System',1,1,'2024-02-06 15:10:02',1,'2024-02-06 15:10:02'),
(3,'Group',15,'SuperUser','RT::System',1,1,'2024-02-06 15:10:03',1,'2024-02-06 15:10:03'),
(4,'Group',4,'ShowApprovalsTab','RT::System',1,1,'2024-02-06 15:10:03',1,'2024-02-06 15:10:03'),
(5,'Group',4,'ShowSearchAdvanced','RT::System',1,1,'2024-02-06 15:10:03',1,'2024-02-06 15:10:03'),
(6,'Group',4,'ShowSearchBulkUpdate','RT::System',1,1,'2024-02-06 15:10:03',1,'2024-02-06 15:10:03');
/*!40000 ALTER TABLE `ACL` ENABLE KEYS */;
UNLOCK TABLES;

--
-- Table structure for table `Articles`
--

DROP TABLE IF EXISTS `Articles`;
/*!40101 SET @saved_cs_client     = @@character_set_client */;
/*!40101 SET character_set_client = utf8 */;
CREATE TABLE `Articles` (
  `id` int(11) NOT NULL AUTO_INCREMENT,
  `Name` varchar(255) NOT NULL DEFAULT '',
  `Summary` varchar(255) NOT NULL DEFAULT '',
  `SortOrder` int(11) NOT NULL DEFAULT 0,
  `Class` int(11) NOT NULL DEFAULT 0,
  `Parent` int(11) NOT NULL DEFAULT 0,
  `URI` varchar(255) CHARACTER SET ascii COLLATE ascii_general_ci DEFAULT NULL,
  `Disabled` int(2) NOT NULL DEFAULT 0,
  `Creator` int(11) NOT NULL DEFAULT 0,
  `Created` datetime DEFAULT NULL,
  `LastUpdatedBy` int(11) NOT NULL DEFAULT 0,
  `LastUpdated` datetime DEFAULT NULL,
  PRIMARY KEY (`id`)
) ENGINE=InnoDB DEFAULT CHARSET=utf8mb4 COLLATE=utf8mb4_general_ci;
/*!40101 SET character_set_client = @saved_cs_client */;

--
-- Dumping data for table `Articles`
--

LOCK TABLES `Articles` WRITE;
/*!40000 ALTER TABLE `Articles` DISABLE KEYS */;
/*!40000 ALTER TABLE `Articles` ENABLE KEYS */;
UNLOCK TABLES;

--
-- Table structure for table `Assets`
--

DROP TABLE IF EXISTS `Assets`;
/*!40101 SET @saved_cs_client     = @@character_set_client */;
/*!40101 SET character_set_client = utf8 */;
CREATE TABLE `Assets` (
  `id` int(11) NOT NULL AUTO_INCREMENT,
  `Name` varchar(255) NOT NULL DEFAULT '',
  `Catalog` int(11) NOT NULL DEFAULT 0,
  `Status` varchar(64) NOT NULL DEFAULT '',
  `Description` varchar(255) NOT NULL DEFAULT '',
  `Creator` int(11) NOT NULL DEFAULT 0,
  `Created` datetime DEFAULT NULL,
  `LastUpdatedBy` int(11) NOT NULL DEFAULT 0,
  `LastUpdated` datetime DEFAULT NULL,
  PRIMARY KEY (`id`),
  KEY `AssetsName` (`Name`),
  KEY `AssetsStatus` (`Status`),
  KEY `AssetsCatalog` (`Catalog`)
) ENGINE=InnoDB DEFAULT CHARSET=utf8mb4 COLLATE=utf8mb4_general_ci;
/*!40101 SET character_set_client = @saved_cs_client */;

--
-- Dumping data for table `Assets`
--

LOCK TABLES `Assets` WRITE;
/*!40000 ALTER TABLE `Assets` DISABLE KEYS */;
/*!40000 ALTER TABLE `Assets` ENABLE KEYS */;
UNLOCK TABLES;

--
-- Table structure for table `Attachments`
--

DROP TABLE IF EXISTS `Attachments`;
/*!40101 SET @saved_cs_client     = @@character_set_client */;
/*!40101 SET character_set_client = utf8 */;
CREATE TABLE `Attachments` (
  `id` bigint(20) NOT NULL AUTO_INCREMENT,
  `TransactionId` bigint(20) NOT NULL,
  `Parent` bigint(20) NOT NULL DEFAULT 0,
  `MessageId` varchar(160) CHARACTER SET ascii COLLATE ascii_general_ci DEFAULT NULL,
  `Subject` varchar(255) DEFAULT NULL,
  `Filename` varchar(255) DEFAULT NULL,
  `ContentType` varchar(80) CHARACTER SET ascii COLLATE ascii_general_ci DEFAULT NULL,
  `ContentEncoding` varchar(80) CHARACTER SET ascii COLLATE ascii_general_ci DEFAULT NULL,
  `Content` longblob DEFAULT NULL,
  `Headers` longtext DEFAULT NULL,
  `Creator` int(11) NOT NULL DEFAULT 0,
  `Created` datetime DEFAULT NULL,
  PRIMARY KEY (`id`),
  KEY `Attachments2` (`TransactionId`),
  KEY `Attachments3` (`Parent`,`TransactionId`),
  KEY `Attachments4` (`Filename`)
) ENGINE=InnoDB DEFAULT CHARSET=utf8mb4 COLLATE=utf8mb4_general_ci;
/*!40101 SET character_set_client = @saved_cs_client */;

--
-- Dumping data for table `Attachments`
--

LOCK TABLES `Attachments` WRITE;
/*!40000 ALTER TABLE `Attachments` DISABLE KEYS */;
/*!40000 ALTER TABLE `Attachments` ENABLE KEYS */;
UNLOCK TABLES;

--
-- Table structure for table `AttachmentsIndex`
--

DROP TABLE IF EXISTS `AttachmentsIndex`;
/*!40101 SET @saved_cs_client     = @@character_set_client */;
/*!40101 SET character_set_client = utf8 */;
CREATE TABLE `AttachmentsIndex` (
  `id` bigint(20) unsigned NOT NULL AUTO_INCREMENT,
  `Content` longtext DEFAULT NULL,
  PRIMARY KEY (`id`),
  FULLTEXT KEY `AttachmentsIndex` (`Content`)
) ENGINE=InnoDB DEFAULT CHARSET=utf8mb4 COLLATE=utf8mb4_general_ci;
/*!40101 SET character_set_client = @saved_cs_client */;

--
-- Dumping data for table `AttachmentsIndex`
--

LOCK TABLES `AttachmentsIndex` WRITE;
/*!40000 ALTER TABLE `AttachmentsIndex` DISABLE KEYS */;
/*!40000 ALTER TABLE `AttachmentsIndex` ENABLE KEYS */;
UNLOCK TABLES;

--
-- Table structure for table `Attributes`
--

DROP TABLE IF EXISTS `Attributes`;
/*!40101 SET @saved_cs_client     = @@character_set_client */;
/*!40101 SET character_set_client = utf8 */;
CREATE TABLE `Attributes` (
  `id` int(11) NOT NULL AUTO_INCREMENT,
  `Name` varchar(255) DEFAULT NULL,
  `Description` varchar(255) DEFAULT NULL,
  `Content` longblob DEFAULT NULL,
  `ContentType` varchar(16) CHARACTER SET ascii COLLATE ascii_general_ci DEFAULT NULL,
  `ObjectType` varchar(64) CHARACTER SET ascii COLLATE ascii_general_ci DEFAULT NULL,
  `ObjectId` int(11) DEFAULT NULL,
  `Creator` int(11) NOT NULL DEFAULT 0,
  `Created` datetime DEFAULT NULL,
  `LastUpdatedBy` int(11) NOT NULL DEFAULT 0,
  `LastUpdated` datetime DEFAULT NULL,
  PRIMARY KEY (`id`),
  KEY `Attributes1` (`Name`),
  KEY `Attributes2` (`ObjectType`,`ObjectId`)
) ENGINE=InnoDB AUTO_INCREMENT=13 DEFAULT CHARSET=utf8mb4 COLLATE=utf8mb4_general_ci;
/*!40101 SET character_set_client = @saved_cs_client */;

--
-- Dumping data for table `Attributes`
--

LOCK TABLES `Attributes` WRITE;
/*!40000 ALTER TABLE `Attributes` DISABLE KEYS */;
INSERT INTO `Attributes` VALUES
(1,'UpgradeHistory',NULL,'BQsDAAAAAQQCAAAAAgQDAAAACAoGaW5zZXJ0AAAABmFjdGlvbgEAAKMqIyBJbml0aWFsIGRhdGEg\nZm9yIGEgZnJlc2ggUlQgaW5zdGFsbGF0aW9uLgoKQFVzZXJzID0gKAogICAgeyAgTmFtZSAgICAg\nICAgICAgICA9PiAncm9vdCcsCiAgICAgICBHZWNvcyAgICAgICAgICAgID0+ICdyb290JywKICAg\nICAgIFJlYWxOYW1lICAgICAgICAgPT4gJ0Vub2NoIFJvb3QnLAogICAgICAgUGFzc3dvcmQgICAg\nICAgICA9PiAncGFzc3dvcmQnLAogICAgICAgRW1haWxBZGRyZXNzICAgICA9PiAicm9vdFxAbG9j\nYWxob3N0IiwKICAgICAgIENvbW1lbnRzICAgICAgICAgPT4gJ1N1cGVyVXNlcicsCiAgICAgICBQ\ncml2aWxlZ2VkICAgICAgID0+ICcxJywKICAgICAgIFNraXBDYW5vbmljYWxpemUgPT4gJzEnLAog\nICAgfSwKKTsKCkBHcm91cHMgPSAoCik7CgpAUXVldWVzID0gKHsgTmFtZSAgICAgICAgICAgICAg\nPT4gJ0dlbmVyYWwnLAogICAgICAgICAgICAgRGVzY3JpcHRpb24gICAgICAgPT4gJ1RoZSBkZWZh\ndWx0IHF1ZXVlJywKICAgICAgICAgICAgIENvcnJlc3BvbmRBZGRyZXNzID0+ICIiLAogICAgICAg\nICAgICAgQ29tbWVudEFkZHJlc3MgICAgPT4gIiIsIH0sCiAgICAgICAgICAgeyBOYW1lICAgICAg\nICA9PiAnX19fQXBwcm92YWxzJywKICAgICAgICAgICAgIExpZmVjeWNsZSAgID0+ICdhcHByb3Zh\nbHMnLAogICAgICAgICAgICAgRGVzY3JpcHRpb24gPT4gJ0Egc3lzdGVtLWludGVybmFsIHF1ZXVl\nIGZvciB0aGUgYXBwcm92YWxzIHN5c3RlbScsCiAgICAgICAgICAgICBEaXNhYmxlZCAgICA9PiAy\nLCB9ICk7CgpAQ2F0YWxvZ3MgPSAoewogICAgTmFtZSAgICAgICAgPT4gIkdlbmVyYWwgYXNzZXRz\nIiwgICAgICAjIGxvYwogICAgRGVzY3JpcHRpb24gPT4gIlRoZSBkZWZhdWx0IGNhdGFsb2ciLCAj\nIGxvYwp9KTsKCkBTY3JpcEFjdGlvbnMgPSAoCgogICAgeyAgTmFtZSAgICAgICAgPT4gJ0F1dG9y\nZXBseSBUbyBSZXF1ZXN0b3JzJywgICAgIyBsb2MKICAgICAgIERlc2NyaXB0aW9uID0+CidBbHdh\neXMgc2VuZHMgYSBtZXNzYWdlIHRvIHRoZSByZXF1ZXN0b3JzIGluZGVwZW5kZW50IG9mIG1lc3Nh\nZ2Ugc2VuZGVyJyAsICAgICAgICAgICAgICAgICAgICAgICAgICAgICAgICAgICAgICAgICAgICAj\nIGxvYwogICAgICAgRXhlY01vZHVsZSA9PiAnQXV0b3JlcGx5JywKICAgICAgIEFyZ3VtZW50ICAg\nPT4gJ1JlcXVlc3RvcicgfSwKICAgIHsgTmFtZSAgICAgICAgPT4gJ05vdGlmeSBSZXF1ZXN0b3Jz\nJywgICAgICAgICAgICAgICAgICAgICMgbG9jCiAgICAgIERlc2NyaXB0aW9uID0+ICdTZW5kcyBh\nIG1lc3NhZ2UgdG8gdGhlIHJlcXVlc3RvcnMnLCAgICAjIGxvYwogICAgICBFeGVjTW9kdWxlICA9\nPiAnTm90aWZ5JywKICAgICAgQXJndW1lbnQgICAgPT4gJ1JlcXVlc3RvcicgfSwKICAgIHsgTmFt\nZSAgICAgICAgPT4gJ05vdGlmeSBPd25lciBhcyBDb21tZW50JywgICAgICAgICAgICAgICMgbG9j\nCiAgICAgIERlc2NyaXB0aW9uID0+ICdTZW5kcyBtYWlsIHRvIHRoZSBvd25lcicsICAgICAgICAg\nICAgICAjIGxvYwogICAgICBFeGVjTW9kdWxlICA9PiAnTm90aWZ5QXNDb21tZW50JywKICAgICAg\nQXJndW1lbnQgICAgPT4gJ093bmVyJyB9LAogICAgeyBOYW1lICAgICAgICA9PiAnTm90aWZ5IE93\nbmVyJywgICAgICAgICAgICAgICAgICAgICAgICAgIyBsb2MKICAgICAgRGVzY3JpcHRpb24gPT4g\nJ1NlbmRzIG1haWwgdG8gdGhlIG93bmVyJywgICAgICAgICAgICAgICMgbG9jCiAgICAgIEV4ZWNN\nb2R1bGUgID0+ICdOb3RpZnknLAogICAgICBBcmd1bWVudCAgICA9PiAnT3duZXInIH0sCiAgICB7\nIE5hbWUgICAgICAgID0+ICdOb3RpZnkgQ2NzIGFzIENvbW1lbnQnLCAgICAgICAgICAgICAgIyBs\nb2MKICAgICAgRGVzY3JpcHRpb24gPT4gJ1NlbmRzIG1haWwgdG8gdGhlIENjcyBhcyBhIGNvbW1l\nbnQnLCAjIGxvYwogICAgICBFeGVjTW9kdWxlICA9PiAnTm90aWZ5QXNDb21tZW50JywKICAgICAg\nQXJndW1lbnQgICAgPT4gJ0NjJyB9LAogICAgeyBOYW1lICAgICAgICA9PiAnTm90aWZ5IENjcycs\nICAgICAgICAgICAgICAgICAgICAgICAgICAgICAgICAgICAjIGxvYwogICAgICBEZXNjcmlwdGlv\nbiA9PiAnU2VuZHMgbWFpbCB0byB0aGUgQ2NzJywgICAgICAgICAgICAgICAgICAgICAgICAjIGxv\nYwogICAgICBFeGVjTW9kdWxlICA9PiAnTm90aWZ5JywKICAgICAgQXJndW1lbnQgICAgPT4gJ0Nj\nJyB9LAogICAgeyBOYW1lICAgICAgICA9PiAnTm90aWZ5IEFkbWluQ2NzIGFzIENvbW1lbnQnLCAg\nICAgICAgICAgICAgICAgICAgICAgICMgbG9jCiAgICAgIERlc2NyaXB0aW9uID0+ICdTZW5kcyBt\nYWlsIHRvIHRoZSBhZG1pbmlzdHJhdGl2ZSBDY3MgYXMgYSBjb21tZW50JywgIyBsb2MKICAgICAg\nRXhlY01vZHVsZSAgPT4gJ05vdGlmeUFzQ29tbWVudCcsCiAgICAgIEFyZ3VtZW50ICAgID0+ICdB\nZG1pbkNjJyB9LAogICAgeyBOYW1lICAgICAgICA9PiAnTm90aWZ5IEFkbWluQ2NzJywgICAgICAg\nICAgICAgICAgICAgICAgICAgICAgICAgICAgICMgbG9jCiAgICAgIERlc2NyaXB0aW9uID0+ICdT\nZW5kcyBtYWlsIHRvIHRoZSBhZG1pbmlzdHJhdGl2ZSBDY3MnLCAgICAgICAgICAgICAgIyBsb2MK\nICAgICAgRXhlY01vZHVsZSAgPT4gJ05vdGlmeScsCiAgICAgIEFyZ3VtZW50ICAgID0+ICdBZG1p\nbkNjJyB9LAogICAgeyBOYW1lICAgICAgICA9PiAnTm90aWZ5IE93bmVyIGFuZCBBZG1pbkNjcycs\nICAgICAgICAgICAgICAgICAgICAgICAgICMgbG9jCiAgICAgIERlc2NyaXB0aW9uID0+ICdTZW5k\ncyBtYWlsIHRvIHRoZSBPd25lciBhbmQgYWRtaW5pc3RyYXRpdmUgQ2NzJywgICAgIyBsb2MKICAg\nICAgRXhlY01vZHVsZSAgPT4gJ05vdGlmeScsCiAgICAgIEFyZ3VtZW50ICAgID0+ICdPd25lcixB\nZG1pbkNjJyB9LAogICAgeyBOYW1lICAgICAgICA9PiAnTm90aWZ5IE93bmVyIG9yIEFkbWluQ2Nz\nJywgICAgICAgICAgICAgICAgICAgICAgICAgIyBsb2MKICAgICAgRGVzY3JpcHRpb24gPT4gJ1Nl\nbmRzIG1haWwgdG8gdGhlIE93bmVyIGlmIHNldCwgb3RoZXJ3aXNlIGFkbWluaXN0cmF0aXZlIENj\ncycsICAgICMgbG9jCiAgICAgIEV4ZWNNb2R1bGUgID0+ICdOb3RpZnlPd25lck9yQWRtaW5DYycs\nCiAgICB9LAogICAgeyBOYW1lICAgICAgICA9PiAnTm90aWZ5IFJlcXVlc3RvcnMgYW5kIENjcyBh\ncyBDb21tZW50JywgICAgICAgICAgICAgICMgbG9jCiAgICAgIERlc2NyaXB0aW9uID0+ICdTZW5k\nIG1haWwgdG8gcmVxdWVzdG9ycyBhbmQgQ2NzIGFzIGEgY29tbWVudCcsICAgICAgIyBsb2MKICAg\nICAgRXhlY01vZHVsZSAgPT4gJ05vdGlmeUFzQ29tbWVudCcsCiAgICAgIEFyZ3VtZW50ICAgID0+\nICdSZXF1ZXN0b3IsQ2MnIH0sCgogICAgeyBOYW1lICAgICAgICA9PiAnTm90aWZ5IFJlcXVlc3Rv\ncnMgYW5kIENjcycsICAgICAgICAgICAgICAgICAgICAgICAgICMgbG9jCiAgICAgIERlc2NyaXB0\naW9uID0+ICdTZW5kIG1haWwgdG8gcmVxdWVzdG9ycyBhbmQgQ2NzJywgICAgICAgICAgICAgICAg\nICAgIyBsb2MKICAgICAgRXhlY01vZHVsZSAgPT4gJ05vdGlmeScsCiAgICAgIEFyZ3VtZW50ICAg\nID0+ICdSZXF1ZXN0b3IsQ2MnIH0sCgogICAgeyBOYW1lICAgICAgICA9PiAnTm90aWZ5IE93bmVy\nLCBSZXF1ZXN0b3JzLCBDY3MgYW5kIEFkbWluQ2NzIGFzIENvbW1lbnQnLCAgICAjIGxvYwogICAg\nICBEZXNjcmlwdGlvbiA9PiAnU2VuZCBtYWlsIHRvIG93bmVyIGFuZCBhbGwgd2F0Y2hlcnMgYXMg\nYSAiY29tbWVudCInLCAgICAgICAgICAjIGxvYwogICAgICBFeGVjTW9kdWxlICA9PiAnTm90aWZ5\nQXNDb21tZW50JywKICAgICAgQXJndW1lbnQgICAgPT4gJ0FsbCcgfSwKICAgIHsgTmFtZSAgICAg\nICAgPT4gJ05vdGlmeSBPd25lciwgUmVxdWVzdG9ycywgQ2NzIGFuZCBBZG1pbkNjcycsICAgICAg\nICAgICAgICAgIyBsb2MKICAgICAgRGVzY3JpcHRpb24gPT4gJ1NlbmQgbWFpbCB0byBvd25lciBh\nbmQgYWxsIHdhdGNoZXJzJywgICAgICAgICAgICAgICAgICAgICAgICAgIyBsb2MKICAgICAgRXhl\nY01vZHVsZSAgPT4gJ05vdGlmeScsCiAgICAgIEFyZ3VtZW50ICAgID0+ICdBbGwnIH0sCiAgICB7\nIE5hbWUgICAgICAgID0+ICdOb3RpZnkgT3RoZXIgUmVjaXBpZW50cyBhcyBDb21tZW50JywgICAg\nICAgICAgICAgICAgIyBsb2MKICAgICAgRGVzY3JpcHRpb24gPT4gJ1NlbmRzIG1haWwgdG8gZXhw\nbGljaXRseSBsaXN0ZWQgQ2NzIGFuZCBCY2NzJywgICAgICAjIGxvYwogICAgICBFeGVjTW9kdWxl\nICA9PiAnTm90aWZ5QXNDb21tZW50JywKICAgICAgQXJndW1lbnQgICAgPT4gJ090aGVyUmVjaXBp\nZW50cycgfSwKICAgIHsgTmFtZSAgICAgICAgPT4gJ05vdGlmeSBPdGhlciBSZWNpcGllbnRzJywg\nICAgICAgICAgICAgICAgICAgICAgICAgICAjIGxvYwogICAgICBEZXNjcmlwdGlvbiA9PiAnU2Vu\nZHMgbWFpbCB0byBleHBsaWNpdGx5IGxpc3RlZCBDY3MgYW5kIEJjY3MnLCAgICAgICMgbG9jCiAg\nICAgIEV4ZWNNb2R1bGUgID0+ICdOb3RpZnknLAogICAgICBBcmd1bWVudCAgICA9PiAnT3RoZXJS\nZWNpcGllbnRzJyB9LAogICAgeyBOYW1lICAgICAgICA9PiAnVXNlciBEZWZpbmVkJywgICAgICAg\nICAgICAgICAgICAgICAgICAgICAgICAgICAgICAgICMgbG9jCiAgICAgIERlc2NyaXB0aW9uID0+\nICdQZXJmb3JtIGEgdXNlci1kZWZpbmVkIGFjdGlvbicsICAgICAgICAgICAgICAgICAgICAgIyBs\nb2MKICAgICAgRXhlY01vZHVsZSAgPT4gJ1VzZXJEZWZpbmVkJywgfSwKICAgIHsgIE5hbWUgICAg\nICAgID0+ICdDcmVhdGUgVGlja2V0cycsICAgICAgICAgICAgICAgICAgICAgICAgICAgICAgICAg\nICAgIyBsb2MKICAgICAgIERlc2NyaXB0aW9uID0+CiAgICAgICAgICdDcmVhdGUgbmV3IHRpY2tl\ndHMgYmFzZWQgb24gdGhpcyBzY3JpcFwncyB0ZW1wbGF0ZScsICAgICAgICAgICAgICMgbG9jCiAg\nICAgICBFeGVjTW9kdWxlID0+ICdDcmVhdGVUaWNrZXRzJywgfSwKICAgIHsgTmFtZSAgICAgICAg\nPT4gJ09wZW4gVGlja2V0cycsICAgICAgICAgICAgICAgICAgICAgICAgICAgICAgICAgICAgICAj\nIGxvYwogICAgICBEZXNjcmlwdGlvbiA9PiAnT3BlbiB0aWNrZXRzIG9uIGNvcnJlc3BvbmRlbmNl\nJywgICAgICAgICAgICAgICAgICAgICMgbG9jCiAgICAgIEV4ZWNNb2R1bGUgID0+ICdBdXRvT3Bl\nbicgfSwKICAgIHsgTmFtZSAgICAgICAgPT4gJ09wZW4gSW5hY3RpdmUgVGlja2V0cycsICAgICAg\nICAgICAgICAgICAgICAgICAgICAgICAjIGxvYwogICAgICBEZXNjcmlwdGlvbiA9PiAnT3BlbiBp\nbmFjdGl2ZSB0aWNrZXRzJywgICAgICAgICAgICAgICAgICAgICAgICAgICAgICMgbG9jCiAgICAg\nIEV4ZWNNb2R1bGUgID0+ICdBdXRvT3BlbkluYWN0aXZlJyB9LAogICAgeyBOYW1lICAgICAgICA9\nPiAnRXh0cmFjdCBTdWJqZWN0IFRhZycsICAgICAgICAgICAgICAgICAgICAgICAgICAgICAgICMg\nbG9jCiAgICAgIERlc2NyaXB0aW9uID0+ICdFeHRyYWN0IHRhZ3MgZnJvbSBhIFRyYW5zYWN0aW9u\nXCdzIHN1YmplY3QgYW5kIGFkZCB0aGVtIHRvIHRoZSBUaWNrZXRcJ3Mgc3ViamVjdC4nLCAjIGxv\nYwogICAgICBFeGVjTW9kdWxlICA9PiAnRXh0cmFjdFN1YmplY3RUYWcnIH0sCiAgICB7IE5hbWUg\nICAgICAgID0+ICdTZW5kIEZvcndhcmQnLCAgICAgICAgICAgICAgICAgIyBsb2MKICAgICAgRGVz\nY3JpcHRpb24gPT4gJ1NlbmQgZm9yd2FyZGVkIG1lc3NhZ2UnLCAgICAgICAjIGxvYwogICAgICBF\neGVjTW9kdWxlICA9PiAnU2VuZEZvcndhcmQnLCB9LAogICAgeyAgTmFtZSAgICAgICAgPT4gJ1Nl\ndCBzdGFydHMgZGF0ZSBhY2NvcmRpbmcgdG8gU0xBJywgIyBsb2MKICAgICAgIERlc2NyaXB0aW9u\nID0+ICdTZXQgdGhlIHN0YXJ0cyBkYXRlIGFjY29yZGluZyB0byBhbiBhZ3JlZW1lbnQnICwgIyBs\nb2MKICAgICAgIEV4ZWNNb2R1bGUgID0+ICdTTEFfU2V0U3RhcnRzJywKICAgIH0sCiAgICB7ICBO\nYW1lICAgICAgICA9PiAnU2V0IGR1ZSBkYXRlIGFjY29yZGluZyB0byBTTEEnLCAjIGxvYwogICAg\nICAgRGVzY3JpcHRpb24gPT4gJ1NldCB0aGUgZHVlIGRhdGUgYWNjb3JkaW5nIHRvIGFuIGFncmVl\nbWVudCcgLCAjIGxvYwogICAgICAgRXhlY01vZHVsZSAgPT4gJ1NMQV9TZXREdWUnLAogICAgfSwK\nICAgIHsKICAgICAgTmFtZSA9PiAnQ2xlYXIgQ3VzdG9tIEZpZWxkIFZhbHVlIFRlbXBsYXRlJywg\nIyBsb2MKICAgICAgRGVzY3JpcHRpb24gPT4gJ1RlbXBsYXRlIGFjdGlvbiBmb3IgY2xlYXJpbmcg\nYSBjdXN0b20gZmllbGQuIFVzZSAiQ29weSBBY3Rpb24iIHRvIGNyZWF0ZSBhbiBhY3Rpb24gZm9y\nIHMgc3BlY2lmaWMgY3VzdG9tIGZpZWxkLicsICMgbG9jCiAgICAgIEV4ZWNNb2R1bGUgPT4gJ0Ns\nZWFyQ3VzdG9tRmllbGRWYWx1ZXMnLAogICAgICBBcmd1bWVudCA9PiAnWW91ciBDdXN0b20gRmll\nbGQgTmFtZSBPciBJZCcKICAgIH0sCik7CgpAU2NyaXBDb25kaXRpb25zID0gKAogICAgeyBOYW1l\nICAgICAgICAgICAgICAgICA9PiAnT24gQ3JlYXRlJywgICAgICAgICAgICAgICAgICAgICAgICAg\nICAgICAgICMgbG9jCiAgICAgIERlc2NyaXB0aW9uICAgICAgICAgID0+ICdXaGVuIGEgdGlja2V0\nIGlzIGNyZWF0ZWQnLCAgICAgICAgICAgICAgICAgIyBsb2MKICAgICAgQXBwbGljYWJsZVRyYW5z\nVHlwZXMgPT4gJ0NyZWF0ZScsCiAgICAgIEV4ZWNNb2R1bGUgICAgICAgICAgID0+ICdBbnlUcmFu\nc2FjdGlvbicsIH0sCgogICAgewogICAgICAgIE5hbWUgICAgICAgICAgICAgICAgID0+ICdPbiBD\ncmVhdGUgVmlhIEVtYWlsJywKICAgICAgICBEZXNjcmlwdGlvbiAgICAgICAgICA9PiAnV2hlbiBh\nIHRpY2tldCBpcyBjcmVhdGVkIHZpYSBFbWFpbCcsCiAgICAgICAgQXBwbGljYWJsZVRyYW5zVHlw\nZXMgPT4gJ0NyZWF0ZScsCiAgICAgICAgQXJndW1lbnQgICAgICAgICAgICAgPT4gJ0VtYWlsJywK\nICAgICAgICBFeGVjTW9kdWxlICAgICAgICAgICA9PiAnVmlhSW50ZXJmYWNlJywgfSwKICAgIHsK\nICAgICAgICBOYW1lICAgICAgICAgICAgICAgICA9PiAnT24gQ3JlYXRlIFZpYSBXZWInLAogICAg\nICAgIERlc2NyaXB0aW9uICAgICAgICAgID0+ICdXaGVuIGEgdGlja2V0IGlzIGNyZWF0ZWQgdmlh\nIFdlYicsCiAgICAgICAgQXBwbGljYWJsZVRyYW5zVHlwZXMgPT4gJ0NyZWF0ZScsCiAgICAgICAg\nQXJndW1lbnQgICAgICAgICAgICAgPT4gJ1dlYixNb2JpbGUnLAogICAgICAgIEV4ZWNNb2R1bGUg\nICAgICAgICAgID0+ICdWaWFJbnRlcmZhY2UnLCB9LAoKICAgIHsgTmFtZSAgICAgICAgICAgICAg\nICAgPT4gJ09uIFRyYW5zYWN0aW9uJywgICAgICAgICAgICAgICAgICAgICAgICAgICAjIGxvYwog\nICAgICBEZXNjcmlwdGlvbiAgICAgICAgICA9PiAnV2hlbiBhbnl0aGluZyBoYXBwZW5zJywgICAg\nICAgICAgICAgICAgICAgICMgbG9jCiAgICAgIEFwcGxpY2FibGVUcmFuc1R5cGVzID0+ICdBbnkn\nLAogICAgICBFeGVjTW9kdWxlICAgICAgICAgICA9PiAnQW55VHJhbnNhY3Rpb24nLCB9LAogICAg\newoKICAgICAgTmFtZSAgICAgICAgICAgICAgICAgPT4gJ09uIENvcnJlc3BvbmQnLCAgICAgICAg\nICAgICAgICAgICAgICAgICAgICAgIyBsb2MKICAgICAgRGVzY3JpcHRpb24gICAgICAgICAgPT4g\nJ1doZW5ldmVyIGNvcnJlc3BvbmRlbmNlIGNvbWVzIGluJywgICAgICAgICAgIyBsb2MKICAgICAg\nQXBwbGljYWJsZVRyYW5zVHlwZXMgPT4gJ0NvcnJlc3BvbmQnLAogICAgICBFeGVjTW9kdWxlICAg\nICAgICAgICA9PiAnQW55VHJhbnNhY3Rpb24nLCB9LAoKICAgIHsKCiAgICAgIE5hbWUgICAgICAg\nICAgICAgICAgID0+ICdPbiBGb3J3YXJkJywgICAgICAgICAgICAgICAgICAgICAgICAgICAgICAg\nICMgbG9jCiAgICAgIERlc2NyaXB0aW9uICAgICAgICAgID0+ICdXaGVuZXZlciBhIHRpY2tldCBv\nciB0cmFuc2FjdGlvbiBpcyBmb3J3YXJkZWQnLCAjIGxvYwogICAgICBBcHBsaWNhYmxlVHJhbnNU\neXBlcyA9PiAnRm9yd2FyZCBUcmFuc2FjdGlvbixGb3J3YXJkIFRpY2tldCcsCiAgICAgIEV4ZWNN\nb2R1bGUgICAgICAgICAgID0+ICdBbnlUcmFuc2FjdGlvbicsIH0sCgogICAgewoKICAgICAgTmFt\nZSAgICAgICAgICAgICAgICAgPT4gJ09uIEZvcndhcmQgVGlja2V0JywgICAgICAgICAgICAgICAg\nICAgICAgICAgIyBsb2MKICAgICAgRGVzY3JpcHRpb24gICAgICAgICAgPT4gJ1doZW5ldmVyIGEg\ndGlja2V0IGlzIGZvcndhcmRlZCcsICAgICAgICAgICAgIyBsb2MKICAgICAgQXBwbGljYWJsZVRy\nYW5zVHlwZXMgPT4gJ0ZvcndhcmQgVGlja2V0JywKICAgICAgRXhlY01vZHVsZSAgICAgICAgICAg\nPT4gJ0FueVRyYW5zYWN0aW9uJywgfSwKCiAgICB7CgogICAgICBOYW1lICAgICAgICAgICAgICAg\nICA9PiAnT24gRm9yd2FyZCBUcmFuc2FjdGlvbicsICAgICAgICAgICAgICAgICAgICAjIGxvYwog\nICAgICBEZXNjcmlwdGlvbiAgICAgICAgICA9PiAnV2hlbmV2ZXIgYSB0cmFuc2FjdGlvbiBpcyBm\nb3J3YXJkZWQnLCAgICAgICAjIGxvYwogICAgICBBcHBsaWNhYmxlVHJhbnNUeXBlcyA9PiAnRm9y\nd2FyZCBUcmFuc2FjdGlvbicsCiAgICAgIEV4ZWNNb2R1bGUgICAgICAgICAgID0+ICdBbnlUcmFu\nc2FjdGlvbicsIH0sCgogICAgewoKICAgICAgTmFtZSAgICAgICAgICAgICAgICAgPT4gJ09uIENv\nbW1lbnQnLCAgICAgICAgICAgICAgICAgICAgICAgICAgICAgICAgIyBsb2MKICAgICAgRGVzY3Jp\ncHRpb24gICAgICAgICAgPT4gJ1doZW5ldmVyIGNvbW1lbnRzIGNvbWUgaW4nLCAgICAgICAgICAg\nICAgICAgIyBsb2MKICAgICAgQXBwbGljYWJsZVRyYW5zVHlwZXMgPT4gJ0NvbW1lbnQnLAogICAg\nICBFeGVjTW9kdWxlICAgICAgICAgICA9PiAnQW55VHJhbnNhY3Rpb24nIH0sCiAgICB7CgogICAg\nICBOYW1lICAgICAgICAgICAgICAgICA9PiAnT24gU3RhdHVzIENoYW5nZScsICAgICAgICAgICAg\nICAgICAgICAgICAgICAjIGxvYwogICAgICBEZXNjcmlwdGlvbiAgICAgICAgICA9PiAnV2hlbmV2\nZXIgYSB0aWNrZXRcJ3Mgc3RhdHVzIGNoYW5nZXMnLCAgICAgICAjIGxvYwogICAgICBBcHBsaWNh\nYmxlVHJhbnNUeXBlcyA9PiAnU3RhdHVzJywKICAgICAgRXhlY01vZHVsZSAgICAgICAgICAgPT4g\nJ0FueVRyYW5zYWN0aW9uJywKCiAgICB9LAogICAgewoKICAgICAgTmFtZSAgICAgICAgICAgICAg\nICAgPT4gJ09uIFByaW9yaXR5IENoYW5nZScsICAgICAgICAgICAgICAgICAgICAgICAjIGxvYwog\nICAgICBEZXNjcmlwdGlvbiAgICAgICAgICA9PiAnV2hlbmV2ZXIgYSB0aWNrZXRcJ3MgcHJpb3Jp\ndHkgY2hhbmdlcycsICAgICMgbG9jCiAgICAgIEFwcGxpY2FibGVUcmFuc1R5cGVzID0+ICdTZXQn\nLAogICAgICBFeGVjTW9kdWxlICAgICAgICAgICA9PiAnUHJpb3JpdHlDaGFuZ2UnLAogICAgfSwK\nICAgIHsKCiAgICAgIE5hbWUgICAgICAgICAgICAgICAgID0+ICdPbiBPd25lciBDaGFuZ2UnLCAg\nICAgICAgICAgICAgICAgICAgICAgICAgICMgbG9jCiAgICAgIERlc2NyaXB0aW9uICAgICAgICAg\nID0+ICdXaGVuZXZlciBhIHRpY2tldFwncyBvd25lciBjaGFuZ2VzJywgICAgICAgICMgbG9jCiAg\nICAgIEFwcGxpY2FibGVUcmFuc1R5cGVzID0+ICdBbnknLAogICAgICBFeGVjTW9kdWxlICAgICAg\nICAgICA9PiAnT3duZXJDaGFuZ2UnLAoKICAgIH0sCiAgICB7CgogICAgICBOYW1lICAgICAgICAg\nICAgICAgICA9PiAnT24gUXVldWUgQ2hhbmdlJywgICAgICAgICAgICAgICAgICAgICAgICAgICAj\nIGxvYwogICAgICBEZXNjcmlwdGlvbiAgICAgICAgICA9PiAnV2hlbmV2ZXIgYSB0aWNrZXRcJ3Mg\ncXVldWUgY2hhbmdlcycsICAgICAgICAjIGxvYwogICAgICBBcHBsaWNhYmxlVHJhbnNUeXBlcyA9\nPiAnU2V0JywKICAgICAgRXhlY01vZHVsZSAgICAgICAgICAgPT4gJ1F1ZXVlQ2hhbmdlJywKCiAg\nICB9LAogICAgeyAgTmFtZSAgICAgICAgICAgICAgICAgPT4gJ09uIFJlc29sdmUnLCAgICAgICAg\nICAgICAgICAgICAgICAgICAgICAgICAjIGxvYwogICAgICAgRGVzY3JpcHRpb24gICAgICAgICAg\nPT4gJ1doZW5ldmVyIGEgdGlja2V0IGlzIHJlc29sdmVkJywgICAgICAgICAgICAjIGxvYwogICAg\nICAgQXBwbGljYWJsZVRyYW5zVHlwZXMgPT4gJ1N0YXR1cycsCiAgICAgICBFeGVjTW9kdWxlICAg\nICAgICAgICA9PiAnU3RhdHVzQ2hhbmdlJywKICAgICAgIEFyZ3VtZW50ICAgICAgICAgICAgID0+\nICdyZXNvbHZlZCcKCiAgICB9LAogICAgeyAgTmFtZSAgICAgICAgICAgICAgICAgPT4gJ09uIFJl\namVjdCcsICAgICAgICAgICAgICAgICAgICAgICAgICAgICAgICAjIGxvYwogICAgICAgRGVzY3Jp\ncHRpb24gICAgICAgICAgPT4gJ1doZW5ldmVyIGEgdGlja2V0IGlzIHJlamVjdGVkJywgICAgICAg\nICAgICAjIGxvYwogICAgICAgQXBwbGljYWJsZVRyYW5zVHlwZXMgPT4gJ1N0YXR1cycsCiAgICAg\nICBFeGVjTW9kdWxlICAgICAgICAgICA9PiAnU3RhdHVzQ2hhbmdlJywKICAgICAgIEFyZ3VtZW50\nICAgICAgICAgICAgID0+ICdyZWplY3RlZCcKCiAgICB9LAogICAgeyAgTmFtZSAgICAgICAgICAg\nICAgICAgPT4gJ1VzZXIgRGVmaW5lZCcsICAgICAgICAgICAgICAgICAgICAgICAgICAgICAjIGxv\nYwogICAgICAgRGVzY3JpcHRpb24gICAgICAgICAgPT4gJ1doZW5ldmVyIGEgdXNlci1kZWZpbmVk\nIGNvbmRpdGlvbiBvY2N1cnMnLCAjIGxvYwogICAgICAgQXBwbGljYWJsZVRyYW5zVHlwZXMgPT4g\nJ0FueScsCiAgICAgICBFeGVjTW9kdWxlICAgICAgICAgICA9PiAnVXNlckRlZmluZWQnCgogICAg\nfSwKCiAgICB7ICBOYW1lICAgICAgICAgICAgICAgICA9PiAnT24gQ2xvc2UnLCAgICAgICAgICAg\nICAgICAgICAgICAgICAgICAgICAgICMgbG9jCiAgICAgICBEZXNjcmlwdGlvbiAgICAgICAgICA9\nPiAnV2hlbmV2ZXIgYSB0aWNrZXQgaXMgY2xvc2VkJywgIyBsb2MKICAgICAgIEFwcGxpY2FibGVU\ncmFuc1R5cGVzID0+ICdTdGF0dXMsU2V0JywKICAgICAgIEV4ZWNNb2R1bGUgICAgICAgICAgID0+\nICdDbG9zZVRpY2tldCcsCiAgICB9LAogICAgeyAgTmFtZSAgICAgICAgICAgICAgICAgPT4gJ09u\nIFJlb3BlbicsICAgICAgICAgICAgICAgICAgICAgICAgICAgICAgICAjIGxvYwogICAgICAgRGVz\nY3JpcHRpb24gICAgICAgICAgPT4gJ1doZW5ldmVyIGEgdGlja2V0IGlzIHJlb3BlbmVkJywgIyBs\nb2MKICAgICAgIEFwcGxpY2FibGVUcmFuc1R5cGVzID0+ICdTdGF0dXMsU2V0JywKICAgICAgIEV4\nZWNNb2R1bGUgICAgICAgICAgID0+ICdSZW9wZW5UaWNrZXQnLAogICAgfSwKICAgIHsgIE5hbWUg\nICAgICAgID0+ICdSZXF1aXJlIFN0YXJ0cyBzZXQgYWNjb3JkaW5nIHRvIFNMQScsICMgbG9jCiAg\nICAgICBEZXNjcmlwdGlvbiA9PiAnRGV0ZWN0IGEgc2l0dWF0aW9uIHdoZW4gd2Ugc2hvdWxkIHNl\ndCBTdGFydHMgZGF0ZScgLCAjIGxvYwogICAgICAgQXBwbGljYWJsZVRyYW5zVHlwZXMgPT4gJ0Ny\nZWF0ZSxTZXQnLAogICAgICAgRXhlY01vZHVsZSA9PiAnU0xBX1JlcXVpcmVTdGFydHNTZXQnLAog\nICAgfSwKICAgIHsgIE5hbWUgICAgICAgID0+ICdSZXF1aXJlIER1ZSBzZXQgYWNjb3JkaW5nIHRv\nIFNMQScsICMgbG9jCiAgICAgICBEZXNjcmlwdGlvbiA9PiAnRGV0ZWN0IGEgc2l0dWF0aW9uIHdo\nZW4gd2Ugc2hvdWxkIHNldCBEdWUgZGF0ZScgLCAjIGxvYwogICAgICAgQXBwbGljYWJsZVRyYW5z\nVHlwZXMgPT4gJ0NyZWF0ZSxDb3JyZXNwb25kLFNldCxTdGF0dXMnLAogICAgICAgRXhlY01vZHVs\nZSA9PiAnU0xBX1JlcXVpcmVEdWVTZXQnLAogICAgfSwKICAgIHsKICAgICAgIE5hbWUgICAgICAg\nICAgICAgICAgID0+ICdPbiBUaW1lV29ya2VkIENoYW5nZScsICAgICAgICAgICAgICAgICAgICAj\nIGxvYwogICAgICAgRGVzY3JpcHRpb24gICAgICAgICAgPT4gJ1doZW4gVGltZVdvcmtlZCBDaGFu\nZ2UnLCAgICAgICAgICAgICAgICAgICMgbG9jCiAgICAgICBBcHBsaWNhYmxlVHJhbnNUeXBlcyA9\nPiAnQW55JywKICAgICAgIEV4ZWNNb2R1bGUgICAgICAgICAgID0+ICdUaW1lV29ya2VkQ2hhbmdl\nJywKICAgIH0sCgopOwoKQFRlbXBsYXRlcyA9ICgKICAgIHsgUXVldWUgICAgICAgPT4gJzAnLAog\nICAgICBOYW1lICAgICAgICA9PiAnQmxhbmsnLCAgICAgICAgICAgICAgICAgICAgICAgICAgICAg\nICAgICAgICAgICAgICAgICMgbG9jCiAgICAgIERlc2NyaXB0aW9uID0+ICdBIGJsYW5rIHRlbXBs\nYXRlJywgICAgICAgICAgICAgICAgICAgICAgICAgICAgICAgICAgIyBsb2MKICAgICAgQ29udGVu\ndCAgICAgPT4gJycsIH0sCiAgICB7ICBRdWV1ZSAgICAgICA9PiAnMCcsCiAgICAgICBOYW1lICAg\nICAgICA9PiAnQXV0b3JlcGx5JywgICAgICAgICAgICAgICAgICAgICAgICAgICAgICAgICAgICAg\nICAgICMgbG9jCiAgICAgICBEZXNjcmlwdGlvbiA9PiAnUGxhaW4gdGV4dCBBdXRvcmVzcG9uc2Ug\ndGVtcGxhdGUnLCAgICAgICAgICAgICAgICAgICAgICMgbG9jCiAgICAgICBDb250ZW50ICAgICA9\nPiAnU3ViamVjdDogQXV0b1JlcGx5OiB7JFRpY2tldC0+U3ViamVjdH0KCgpHcmVldGluZ3MsCgpU\naGlzIG1lc3NhZ2UgaGFzIGJlZW4gYXV0b21hdGljYWxseSBnZW5lcmF0ZWQgaW4gcmVzcG9uc2Ug\ndG8gdGhlCmNyZWF0aW9uIG9mIGEgdHJvdWJsZSB0aWNrZXQgcmVnYXJkaW5nOgogICAgICAgICJ7\nJFRpY2tldC0+U3ViamVjdCgpfSIsIAphIHN1bW1hcnkgb2Ygd2hpY2ggYXBwZWFycyBiZWxvdy4K\nClRoZXJlIGlzIG5vIG5lZWQgdG8gcmVwbHkgdG8gdGhpcyBtZXNzYWdlIHJpZ2h0IG5vdy4gIFlv\ndXIgdGlja2V0IGhhcyBiZWVuCmFzc2lnbmVkIGFuIElEIG9mIHsgJFRpY2tldC0+U3ViamVjdFRh\nZyB9LgoKUGxlYXNlIGluY2x1ZGUgdGhlIHN0cmluZzoKCiAgICAgICAgIHsgJFRpY2tldC0+U3Vi\namVjdFRhZyB9CgppbiB0aGUgc3ViamVjdCBsaW5lIG9mIGFsbCBmdXR1cmUgY29ycmVzcG9uZGVu\nY2UgYWJvdXQgdGhpcyBpc3N1ZS4gVG8gZG8gc28sIAp5b3UgbWF5IHJlcGx5IHRvIHRoaXMgbWVz\nc2FnZS4KCiAgICAgICAgICAgICAgICAgICAgICAgIFRoYW5rIHlvdSwKICAgICAgICAgICAgICAg\nICAgICAgICAgeyRUaWNrZXQtPlF1ZXVlT2JqLT5Db3JyZXNwb25kQWRkcmVzcygpfQoKLS0tLS0t\nLS0tLS0tLS0tLS0tLS0tLS0tLS0tLS0tLS0tLS0tLS0tLS0tLS0tLS0tLS0tLS0tLS0tLS0tLS0t\nLS0tLS0tLS0tLQp7JFRyYW5zYWN0aW9uLT5Db250ZW50KCl9CicKICAgIH0sCiAgICB7ICBRdWV1\nZSAgICAgICA9PiAnMCcsCiAgICAgICBOYW1lICAgICAgICA9PiAnQXV0b3JlcGx5IGluIEhUTUwn\nLCAgICAgICAgICAgICAgICAgICAgICAgICAgICAgICMgbG9jCiAgICAgICBEZXNjcmlwdGlvbiA9\nPiAnSFRNTCBBdXRvcmVzcG9uc2UgdGVtcGxhdGUnLCAgICAgICAgICAgICAgICAgICAgICMgbG9j\nCiAgICAgICBDb250ZW50ICAgICA9PiBxW1N1YmplY3Q6IEF1dG9SZXBseTogeyRUaWNrZXQtPlN1\nYmplY3R9CkNvbnRlbnQtVHlwZTogdGV4dC9odG1sCgo8cD5HcmVldGluZ3MsPC9wPgoKPHA+VGhp\ncyBtZXNzYWdlIGhhcyBiZWVuIGF1dG9tYXRpY2FsbHkgZ2VuZXJhdGVkIGluIHJlc3BvbnNlIHRv\nIHRoZQpjcmVhdGlvbiBvZiBhIHRyb3VibGUgdGlja2V0IHJlZ2FyZGluZyA8Yj57JFRpY2tldC0+\nU3ViamVjdCgpfTwvYj4sCmEgc3VtbWFyeSBvZiB3aGljaCBhcHBlYXJzIGJlbG93LjwvcD4KCjxw\nPlRoZXJlIGlzIG5vIG5lZWQgdG8gcmVwbHkgdG8gdGhpcyBtZXNzYWdlIHJpZ2h0IG5vdy4gIFlv\ndXIgdGlja2V0IGhhcyBiZWVuCmFzc2lnbmVkIGFuIElEIG9mIDxiPnskVGlja2V0LT5TdWJqZWN0\nVGFnfTwvYj4uPC9wPgoKPHA+UGxlYXNlIGluY2x1ZGUgdGhlIHN0cmluZyA8Yj57JFRpY2tldC0+\nU3ViamVjdFRhZ308L2I+CmluIHRoZSBzdWJqZWN0IGxpbmUgb2YgYWxsIGZ1dHVyZSBjb3JyZXNw\nb25kZW5jZSBhYm91dCB0aGlzIGlzc3VlLiBUbyBkbyBzbywKeW91IG1heSByZXBseSB0byB0aGlz\nIG1lc3NhZ2UuPC9wPgoKPHA+VGhhbmsgeW91LDxici8+CnskVGlja2V0LT5RdWV1ZU9iai0+Q29y\ncmVzcG9uZEFkZHJlc3MoKX08L3A+Cgo8aHIvPgp7JFRyYW5zYWN0aW9uLT5Db250ZW50KFR5cGUg\nPT4gJ3RleHQvaHRtbCcpfQpdLAogICAgfSwKICAgIHsgIFF1ZXVlICAgICAgID0+ICcwJywKICAg\nICAgIE5hbWUgICAgICAgID0+ICdUcmFuc2FjdGlvbicsICAgICAgICAgICAgICAgICAgICAgIyBs\nb2MKICAgICAgIERlc2NyaXB0aW9uID0+ICdQbGFpbiB0ZXh0IHRyYW5zYWN0aW9uIHRlbXBsYXRl\nJywgIyBsb2MKICAgICAgIENvbnRlbnQgICAgID0+ICdSVC1BdHRhY2gtTWVzc2FnZTogeWVzCgoK\neyRUcmFuc2FjdGlvbi0+Q3JlYXRlZEFzU3RyaW5nfTogUmVxdWVzdCB7JFRpY2tldC0+aWR9IHdh\ncyBhY3RlZCB1cG9uLgogVHJhbnNhY3Rpb246IHskVHJhbnNhY3Rpb24tPkRlc2NyaXB0aW9ufQog\nICAgICAgUXVldWU6IHskVGlja2V0LT5RdWV1ZU9iai0+TmFtZX0KICAgICBTdWJqZWN0OiB7JFRy\nYW5zYWN0aW9uLT5TdWJqZWN0IHx8ICRUaWNrZXQtPlN1YmplY3QgfHwgIihObyBzdWJqZWN0IGdp\ndmVuKSJ9CiAgICAgICBPd25lcjogeyRUaWNrZXQtPk93bmVyT2JqLT5OYW1lfQogIFJlcXVlc3Rv\ncnM6IHskVGlja2V0LT5SZXF1ZXN0b3JBZGRyZXNzZXN9CiAgICAgIFN0YXR1czogeyRUaWNrZXQt\nPlN0YXR1c30KIFRpY2tldCA8VVJMOiB7UlQtPkNvbmZpZy0+R2V0KFwnV2ViVVJMXCcpfVRpY2tl\ndC9EaXNwbGF5Lmh0bWw/aWQ9eyRUaWNrZXQtPmlkfSA+CgoKeyRUcmFuc2FjdGlvbi0+Q29udGVu\ndCgpfQonCiAgICB9LAogICAgeyAgUXVldWUgICAgICAgPT4gJzAnLAogICAgICAgTmFtZSAgICAg\nICAgPT4gJ1RyYW5zYWN0aW9uIGluIEhUTUwnLCAgICAgICAgICAjIGxvYwogICAgICAgRGVzY3Jp\ncHRpb24gPT4gJ0hUTUwgdHJhbnNhY3Rpb24gdGVtcGxhdGUnLCAgICAjIGxvYwogICAgICAgQ29u\ndGVudCAgICAgPT4gJ1JULUF0dGFjaC1NZXNzYWdlOiB5ZXMKQ29udGVudC1UeXBlOiB0ZXh0L2h0\nbWwKCjxiPnskVHJhbnNhY3Rpb24tPkNyZWF0ZWRBc1N0cmluZ306IFJlcXVlc3QgPGEgaHJlZj0i\ne1JULT5Db25maWctPkdldCgiV2ViVVJMIil9VGlja2V0L0Rpc3BsYXkuaHRtbD9pZD17JFRpY2tl\ndC0+aWR9Ij57JFRpY2tldC0+aWR9PC9hPiB3YXMgYWN0ZWQgdXBvbiBieSB7JFRyYW5zYWN0aW9u\nLT5DcmVhdG9yT2JqLT5OYW1lfS48L2I+Cjxicj4KPHRhYmxlIGJvcmRlcj0iMCI+Cjx0cj48dGQg\nYWxpZ249InJpZ2h0Ij48Yj5UcmFuc2FjdGlvbjo8L2I+PC90ZD48dGQ+eyRUcmFuc2FjdGlvbi0+\nRGVzY3JpcHRpb259PC90ZD48L3RyPgo8dHI+PHRkIGFsaWduPSJyaWdodCI+PGI+UXVldWU6PC9i\nPjwvdGQ+PHRkPnskVGlja2V0LT5RdWV1ZU9iai0+TmFtZX08L3RkPjwvdHI+Cjx0cj48dGQgYWxp\nZ249InJpZ2h0Ij48Yj5TdWJqZWN0OjwvYj48L3RkPjx0ZD57JFRyYW5zYWN0aW9uLT5TdWJqZWN0\nIHx8ICRUaWNrZXQtPlN1YmplY3QgfHwgIihObyBzdWJqZWN0IGdpdmVuKSJ9IDwvdGQ+PC90cj4K\nPHRyPjx0ZCBhbGlnbj0icmlnaHQiPjxiPk93bmVyOjwvYj48L3RkPjx0ZD57JFRpY2tldC0+T3du\nZXJPYmotPk5hbWV9PC90ZD48L3RyPgo8dHI+PHRkIGFsaWduPSJyaWdodCI+PGI+UmVxdWVzdG9y\nczo8L2I+PC90ZD48dGQ+eyRUaWNrZXQtPlJlcXVlc3RvckFkZHJlc3Nlc308L3RkPjwvdHI+Cjx0\ncj48dGQgYWxpZ249InJpZ2h0Ij48Yj5TdGF0dXM6PC9iPjwvdGQ+PHRkPnskVGlja2V0LT5TdGF0\ndXN9PC90ZD48L3RyPgo8dHI+PHRkIGFsaWduPSJyaWdodCI+PGI+VGlja2V0IFVSTDo8L2I+PC90\nZD48dGQ+PGEgaHJlZj0ie1JULT5Db25maWctPkdldCgiV2ViVVJMIil9VGlja2V0L0Rpc3BsYXku\naHRtbD9pZD17JFRpY2tldC0+aWR9Ij57UlQtPkNvbmZpZy0+R2V0KCJXZWJVUkwiKX1UaWNrZXQv\nRGlzcGxheS5odG1sP2lkPXskVGlja2V0LT5pZH08L2E+PC90ZD48L3RyPgo8L3RhYmxlPgo8YnIv\nPgo8YnIvPgp7JFRyYW5zYWN0aW9uLT5Db250ZW50KCBUeXBlID0+ICJ0ZXh0L2h0bWwiKX0KJwog\nICAgfSwKICAgICMgU2hhZG93IHRoZSBnbG9iYWwgdGVtcGxhdGVzIG9mIHRoZSBzYW1lIG5hbWUg\ndG8gc3VwcHJlc3MgZHVwbGljYXRlCiAgICAjIG5vdGlmaWNhdGlvbnMgdW50aWwgcnVsZXMgaXMg\ncmlwcGVkIG91dC4KICAgIHsgUXVldWUgICAgID0+ICJfX19BcHByb3ZhbHMiLAogICAgICBOYW1l\nICAgICAgPT4gIlRyYW5zYWN0aW9uIGluIEhUTUwiLAogICAgICBDb250ZW50ICAgPT4gIiIsCiAg\nICB9LAogICAgeyBRdWV1ZSAgICAgPT4gIl9fX0FwcHJvdmFscyIsCiAgICAgIE5hbWUgICAgICA9\nPiAiVHJhbnNhY3Rpb24iLAogICAgICBDb250ZW50ICAgPT4gIiIsCiAgICB9LAogICAgewoKICAg\nICAgUXVldWUgICAgICAgPT4gJzAnLAogICAgICBOYW1lICAgICAgICA9PiAnQWRtaW4gQ29ycmVz\ncG9uZGVuY2UnLCAgICAgICAgICAgICAgICAgICAgICMgbG9jCiAgICAgIERlc2NyaXB0aW9uID0+\nICdQbGFpbiB0ZXh0IGFkbWluIGNvcnJlc3BvbmRlbmNlIHRlbXBsYXRlJywgICAgIyBsb2MKICAg\nICAgQ29udGVudCAgICAgPT4gJ1JULUF0dGFjaC1NZXNzYWdlOiB5ZXMKCgo8VVJMOiB7UlQtPkNv\nbmZpZy0+R2V0KFwnV2ViVVJMXCcpfVRpY2tldC9EaXNwbGF5Lmh0bWw/aWQ9eyRUaWNrZXQtPmlk\nfSA+Cgp7JFRyYW5zYWN0aW9uLT5Db250ZW50KCl9CicKICAgIH0sCiAgICB7ICBRdWV1ZSAgICAg\nICA9PiAnMCcsCiAgICAgICBOYW1lICAgICAgICA9PiAnQWRtaW4gQ29ycmVzcG9uZGVuY2UgaW4g\nSFRNTCcsICAgICAgICAgICAgICAgICAgICAgIyBsb2MKICAgICAgIERlc2NyaXB0aW9uID0+ICdI\nVE1MIGFkbWluIGNvcnJlc3BvbmRlbmNlIHRlbXBsYXRlJywgICAgIyBsb2MKICAgICAgIENvbnRl\nbnQgICAgID0+ICdSVC1BdHRhY2gtTWVzc2FnZTogeWVzCkNvbnRlbnQtVHlwZTogdGV4dC9odG1s\nCgpUaWNrZXQgVVJMOiA8YSBocmVmPSJ7UlQtPkNvbmZpZy0+R2V0KCJXZWJVUkwiKX1UaWNrZXQv\nRGlzcGxheS5odG1sP2lkPXskVGlja2V0LT5pZH0iPntSVC0+Q29uZmlnLT5HZXQoIldlYlVSTCIp\nfVRpY2tldC9EaXNwbGF5Lmh0bWw/aWQ9eyRUaWNrZXQtPmlkfTwvYT4KPGJyIC8+CjxiciAvPgp7\nJFRyYW5zYWN0aW9uLT5Db250ZW50KFR5cGUgPT4gInRleHQvaHRtbCIpO30KJwogICAgfSwKICAg\nIHsgIFF1ZXVlICAgICAgID0+ICcwJywKICAgICAgIE5hbWUgICAgICAgID0+ICdDb3JyZXNwb25k\nZW5jZScsICAgICAgICAgICAgICAgICAgICAgICAgICAjIGxvYwogICAgICAgRGVzY3JpcHRpb24g\nPT4gJ1BsYWluIHRleHQgY29ycmVzcG9uZGVuY2UgdGVtcGxhdGUnLCAgICAgICAgICMgbG9jCiAg\nICAgICBDb250ZW50ICAgICA9PiAnUlQtQXR0YWNoLU1lc3NhZ2U6IHllcwoKeyRUcmFuc2FjdGlv\nbi0+Q29udGVudCgpfQonCiAgICB9LAogICAgeyAgUXVldWUgICAgICAgPT4gJzAnLAogICAgICAg\nTmFtZSAgICAgICAgPT4gJ0NvcnJlc3BvbmRlbmNlIGluIEhUTUwnLCAgICAgICAgICAgICAgICAg\nIyBsb2MKICAgICAgIERlc2NyaXB0aW9uID0+ICdIVE1MIGNvcnJlc3BvbmRlbmNlIHRlbXBsYXRl\nJywgICAgICAgICAgICMgbG9jCiAgICAgICBDb250ZW50ICAgICA9PiAnUlQtQXR0YWNoLU1lc3Nh\nZ2U6IHllcwpDb250ZW50LVR5cGU6IHRleHQvaHRtbAoKeyRUcmFuc2FjdGlvbi0+Q29udGVudCgg\nVHlwZSA9PiAidGV4dC9odG1sIil9CicKICAgIH0sCiAgICB7ICBRdWV1ZSAgICAgICA9PiAnMCcs\nCiAgICAgICBOYW1lICAgICAgICA9PiAnQWRtaW4gQ29tbWVudCcsICAgICAgICAgICAgICAgICAg\nICAgICAgICAgIyBsb2MKICAgICAgIERlc2NyaXB0aW9uID0+ICdQbGFpbiB0ZXh0IGFkbWluIGNv\nbW1lbnQgdGVtcGxhdGUnLCAgICAgICAgICAjIGxvYwogICAgICAgQ29udGVudCAgICAgPT4KJ1N1\nYmplY3Q6IFtDb21tZW50XSB7bXkgJHM9KCRUcmFuc2FjdGlvbi0+U3ViamVjdHx8JFRpY2tldC0+\nU3ViamVjdHx8IiIpOyAkcyA9fiBzL1xcW0NvbW1lbnRcXF1cXHMqLy9nOyAkcyA9fiBzL15SZTpc\nXHMqLy9pOyAkczt9ClJULUF0dGFjaC1NZXNzYWdlOiB5ZXMKCgp7UlQtPkNvbmZpZy0+R2V0KFwn\nV2ViVVJMXCcpfVRpY2tldC9EaXNwbGF5Lmh0bWw/aWQ9eyRUaWNrZXQtPmlkfQpUaGlzIGlzIGEg\nY29tbWVudC4gIEl0IGlzIG5vdCBzZW50IHRvIHRoZSBSZXF1ZXN0b3Iocyk6Cgp7JFRyYW5zYWN0\naW9uLT5Db250ZW50KCl9CicKICAgIH0sCiAgICB7ICBRdWV1ZSAgICAgICA9PiAnMCcsCiAgICAg\nICBOYW1lICAgICAgICA9PiAnQWRtaW4gQ29tbWVudCBpbiBIVE1MJywgICAgICAgICAgICAgICAg\nICAjIGxvYwogICAgICAgRGVzY3JpcHRpb24gPT4gJ0hUTUwgYWRtaW4gY29tbWVudCB0ZW1wbGF0\nZScsICAgICAgICAgICAgIyBsb2MKICAgICAgIENvbnRlbnQgICAgID0+IAonU3ViamVjdDogW0Nv\nbW1lbnRdIHtteSAkcz0oJFRyYW5zYWN0aW9uLT5TdWJqZWN0fHwkVGlja2V0LT5TdWJqZWN0fHwi\nIik7ICRzID1+IHMvXFxbQ29tbWVudFxcXVxccyovL2c7ICRzID1+IHMvXlJlOlxccyovL2k7ICRz\nO30KUlQtQXR0YWNoLU1lc3NhZ2U6IHllcwpDb250ZW50LVR5cGU6IHRleHQvaHRtbAoKPHA+VGhp\ncyBpcyBhIGNvbW1lbnQgYWJvdXQgPGEgaHJlZj0ie1JULT5Db25maWctPkdldCgiV2ViVVJMIil9\nVGlja2V0L0Rpc3BsYXkuaHRtbD9pZD17JFRpY2tldC0+aWR9Ij50aWNrZXQgeyRUaWNrZXQtPmlk\nfTwvYT4uIEl0IGlzIG5vdCBzZW50IHRvIHRoZSBSZXF1ZXN0b3Iocyk6PC9wPgoKeyRUcmFuc2Fj\ndGlvbi0+Q29udGVudChUeXBlID0+ICJ0ZXh0L2h0bWwiKX0KJwogICAgfSwKICAgIHsgIFF1ZXVl\nICAgICAgID0+ICcwJywKICAgICAgIE5hbWUgICAgICAgID0+ICdSZW1pbmRlcicsICAgICAgICAg\nICAgICAgICAgICAgICAgICAgIyBsb2MKICAgICAgIERlc2NyaXB0aW9uID0+ICdEZWZhdWx0IHJl\nbWluZGVyIHRlbXBsYXRlJywgICAgICAgICAgIyBsb2MKICAgICAgIENvbnRlbnQgICAgID0+CidT\ndWJqZWN0OnskVGlja2V0LT5TdWJqZWN0fSBpcyBkdWUgeyRUaWNrZXQtPkR1ZU9iai0+QXNTdHJp\nbmd9CgpUaGlzIHJlbWluZGVyIGlzIGZvciB0aWNrZXQgI3skVGFyZ2V0ID0gJFRpY2tldC0+UmVm\nZXJzVG8tPkZpcnN0LT5UYXJnZXRPYmo7JFRhcmdldC0+SWR9LgoKe1JULT5Db25maWctPkdldChc\nJ1dlYlVSTFwnKX1UaWNrZXQvRGlzcGxheS5odG1sP2lkPXskVGFyZ2V0LT5JZH0KJwogICAgfSwK\nCiAgICB7ICBRdWV1ZSAgICAgICA9PiAnMCcsCiAgICAgICBOYW1lICAgICAgICA9PiAnU3RhdHVz\nIENoYW5nZScsICAgICAgICAgICAgICAgICAgICAgICAgICAgICAgICAgICAgICMgbG9jCiAgICAg\nICBEZXNjcmlwdGlvbiA9PiAnVGlja2V0IHN0YXR1cyBjaGFuZ2VkJywgICAgICAgICAgICAgICAg\nICAgICAgICAgICAgICMgbG9jCiAgICAgICBDb250ZW50ICAgICA9PiAnU3ViamVjdDogU3RhdHVz\nIENoYW5nZWQgdG86IHskVHJhbnNhY3Rpb24tPk5ld1ZhbHVlfQoKCntSVC0+Q29uZmlnLT5HZXQo\nXCdXZWJVUkxcJyl9VGlja2V0L0Rpc3BsYXkuaHRtbD9pZD17JFRpY2tldC0+aWR9Cgp7JFRyYW5z\nYWN0aW9uLT5Db250ZW50KCl9CicKICAgIH0sCiAgICB7ICBRdWV1ZSAgICAgICA9PiAnMCcsCiAg\nICAgICBOYW1lICAgICAgICA9PiAnU3RhdHVzIENoYW5nZSBpbiBIVE1MJywgICAgICAgICAgICAg\nICMgbG9jCiAgICAgICBEZXNjcmlwdGlvbiA9PiAnSFRNTCBUaWNrZXQgc3RhdHVzIGNoYW5nZWQn\nLCAgICAgICAgICAgICAgIyBsb2MKICAgICAgIENvbnRlbnQgICAgID0+ICdTdWJqZWN0OiBTdGF0\ndXMgQ2hhbmdlZCB0bzogeyRUcmFuc2FjdGlvbi0+TmV3VmFsdWV9CkNvbnRlbnQtVHlwZTogdGV4\ndC9odG1sCgo8YSBocmVmPSJ7UlQtPkNvbmZpZy0+R2V0KCJXZWJVUkwiKX1UaWNrZXQvRGlzcGxh\neS5odG1sP2lkPXskVGlja2V0LT5pZH0iPntSVC0+Q29uZmlnLT5HZXQoIldlYlVSTCIpfVRpY2tl\ndC9EaXNwbGF5Lmh0bWw/aWQ9eyRUaWNrZXQtPmlkfTwvYT4KPGJyLz4KPGJyLz4KeyRUcmFuc2Fj\ndGlvbi0+Q29udGVudChUeXBlID0+ICJ0ZXh0L2h0bWwiKX0KJwogICAgfSwKICAgIHsKCiAgICAg\nIFF1ZXVlICAgICAgID0+ICcwJywKICAgICAgTmFtZSAgICAgICAgPT4gJ1Jlc29sdmVkJywgICAg\nICAgICAgICAgICAgICMgbG9jCiAgICAgIERlc2NyaXB0aW9uID0+ICdUaWNrZXQgUmVzb2x2ZWQn\nLCAgICAgICAgICAjIGxvYwogICAgICBDb250ZW50ICAgICA9PiAnU3ViamVjdDogUmVzb2x2ZWQ6\nIHskVGlja2V0LT5TdWJqZWN0fQoKQWNjb3JkaW5nIHRvIG91ciByZWNvcmRzLCB5b3VyIHJlcXVl\nc3QgaGFzIGJlZW4gcmVzb2x2ZWQuIElmIHlvdSBoYXZlIGFueQpmdXJ0aGVyIHF1ZXN0aW9ucyBv\nciBjb25jZXJucywgcGxlYXNlIHJlc3BvbmQgdG8gdGhpcyBtZXNzYWdlLgonCiAgICB9LAogICAg\neyAgUXVldWUgICAgICAgPT4gJzAnLAogICAgICAgTmFtZSAgICAgICAgPT4gJ1Jlc29sdmVkIGlu\nIEhUTUwnLCAgICAgICAgICAgICAgICMgbG9jCiAgICAgICBEZXNjcmlwdGlvbiA9PiAnSFRNTCBU\naWNrZXQgUmVzb2x2ZWQnLCAgICAgICAgICAgIyBsb2MKICAgICAgIENvbnRlbnQgICAgID0+ICdT\ndWJqZWN0OiBSZXNvbHZlZDogeyRUaWNrZXQtPlN1YmplY3R9CkNvbnRlbnQtVHlwZTogdGV4dC9o\ndG1sCgo8cD5BY2NvcmRpbmcgdG8gb3VyIHJlY29yZHMsIHlvdXIgcmVxdWVzdCBoYXMgYmVlbiBy\nZXNvbHZlZC4gIElmIHlvdSBoYXZlIGFueSBmdXJ0aGVyIHF1ZXN0aW9ucyBvciBjb25jZXJucywg\ncGxlYXNlIHJlc3BvbmQgdG8gdGhpcyBtZXNzYWdlLjwvcD4KJwogICAgfSwKICAgIHsgIFF1ZXVl\nICAgICAgID0+ICdfX19BcHByb3ZhbHMnLAogICAgICAgTmFtZSAgICAgICAgPT4gIk5ldyBQZW5k\naW5nIEFwcHJvdmFsIiwgICAgIyBsb2MKICAgICAgIERlc2NyaXB0aW9uID0+CiAgICAgICAgICJO\nb3RpZnkgT3duZXJzIGFuZCBBZG1pbkNjcyBvZiBuZXcgaXRlbXMgcGVuZGluZyB0aGVpciBhcHBy\nb3ZhbCIsICMgbG9jCiAgICAgICBDb250ZW50ID0+ICdTdWJqZWN0OiBOZXcgUGVuZGluZyBBcHBy\nb3ZhbDogeyRUaWNrZXQtPlN1YmplY3R9CgpHcmVldGluZ3MsCgpUaGVyZSBpcyBhIG5ldyBpdGVt\nIHBlbmRpbmcgeW91ciBhcHByb3ZhbDogInskVGlja2V0LT5TdWJqZWN0KCl9IiwgCmEgc3VtbWFy\neSBvZiB3aGljaCBhcHBlYXJzIGJlbG93LgoKUGxlYXNlIHZpc2l0IHtSVC0+Q29uZmlnLT5HZXQo\nXCdXZWJVUkxcJyl9QXBwcm92YWxzL0Rpc3BsYXkuaHRtbD9pZD17JFRpY2tldC0+aWR9CnRvIGFw\ncHJvdmUgb3IgcmVqZWN0IHRoaXMgdGlja2V0LCBvciB7UlQtPkNvbmZpZy0+R2V0KFwnV2ViVVJM\nXCcpfUFwcHJvdmFscy8gdG8KYmF0Y2gtcHJvY2VzcyBhbGwgeW91ciBwZW5kaW5nIGFwcHJvdmFs\ncy4KCi0tLS0tLS0tLS0tLS0tLS0tLS0tLS0tLS0tLS0tLS0tLS0tLS0tLS0tLS0tLS0tLS0tLS0t\nLS0tLS0tLS0tLS0tLS0tLS0tLS0KeyRUcmFuc2FjdGlvbi0+Q29udGVudCgpfQonCiAgICB9LAog\nICAgeyAgUXVldWUgICAgICAgPT4gJ19fX0FwcHJvdmFscycsCiAgICAgICBOYW1lICAgICAgICA9\nPiAiTmV3IFBlbmRpbmcgQXBwcm92YWwgaW4gSFRNTCIsICAgICAgICAgICAgICAgICAgICAgICAg\nICAgICAgICAgICAjIGxvYwogICAgICAgRGVzY3JpcHRpb24gPT4gIk5vdGlmeSBPd25lcnMgYW5k\nIEFkbWluQ2NzIG9mIG5ldyBpdGVtcyBwZW5kaW5nIHRoZWlyIGFwcHJvdmFsIiwgIyBsb2MKICAg\nICAgIENvbnRlbnQgICAgID0+ICdTdWJqZWN0OiBOZXcgUGVuZGluZyBBcHByb3ZhbDogeyRUaWNr\nZXQtPlN1YmplY3R9CkNvbnRlbnQtVHlwZTogdGV4dC9odG1sCgo8cD5HcmVldGluZ3MsPC9wPgoK\nPHA+VGhlcmUgaXMgYSBuZXcgaXRlbSBwZW5kaW5nIHlvdXIgYXBwcm92YWw6IDxiPnskVGlja2V0\nLT5TdWJqZWN0KCl9PC9iPiwKYSBzdW1tYXJ5IG9mIHdoaWNoIGFwcGVhcnMgYmVsb3cuPC9wPgoK\nPHA+UGxlYXNlIDxhIGhyZWY9IntSVC0+Q29uZmlnLT5HZXQoXCdXZWJVUkxcJyl9QXBwcm92YWxz\nL0Rpc3BsYXkuaHRtbD9pZD17JFRpY2tldC0+aWR9Ij5hcHByb3ZlCm9yIHJlamVjdCB0aGlzIHRp\nY2tldDwvYT4sIG9yIHZpc2l0IHRoZSA8YSBocmVmPSJ7UlQtPkNvbmZpZy0+R2V0KFwnV2ViVVJM\nXCcpfUFwcHJvdmFscy8iPmFwcHJvdmFscwpvdmVydmlldzwvYT4gdG8gYmF0Y2gtcHJvY2VzcyBh\nbGwgeW91ciBwZW5kaW5nIGFwcHJvdmFscy48L3A+Cgo8aHIgLz4KeyRUcmFuc2FjdGlvbi0+Q29u\ndGVudCgpfQonCiAgICB9LAogICAgeyAgUXVldWUgICAgICAgPT4gJ19fX0FwcHJvdmFscycsCiAg\nICAgICBOYW1lICAgICAgICA9PiAiQXBwcm92YWwgUGFzc2VkIiwgICAgIyBsb2MKICAgICAgIERl\nc2NyaXB0aW9uID0+CiAgICAgICAgICJOb3RpZnkgUmVxdWVzdG9yIG9mIHRoZWlyIHRpY2tldCBo\nYXMgYmVlbiBhcHByb3ZlZCBieSBzb21lIGFwcHJvdmVyIiwgIyBsb2MKICAgICAgIENvbnRlbnQg\nPT4gJ1N1YmplY3Q6IFRpY2tldCBBcHByb3ZlZDogeyRUaWNrZXQtPlN1YmplY3R9CgpHcmVldGlu\nZ3MsCgpZb3VyIHRpY2tldCBoYXMgYmVlbiBhcHByb3ZlZCBieSB7IGV2YWwgeyAkQXBwcm92ZXIt\nPk5hbWUgfSB9LgpPdGhlciBhcHByb3ZhbHMgbWF5IGJlIHBlbmRpbmcuCgpBcHByb3ZlclwncyBu\nb3RlczogeyAkTm90ZXMgfQonCiAgICB9LAogICAgeyAgUXVldWUgICAgICAgPT4gJ19fX0FwcHJv\ndmFscycsCiAgICAgICBOYW1lICAgICAgICA9PiAiQXBwcm92YWwgUGFzc2VkIGluIEhUTUwiLCAg\nICAjIGxvYwogICAgICAgRGVzY3JpcHRpb24gPT4KICAgICAgICAgIk5vdGlmeSBSZXF1ZXN0b3Ig\nb2YgdGhlaXIgdGlja2V0IGhhcyBiZWVuIGFwcHJvdmVkIGJ5IHNvbWUgYXBwcm92ZXIiLCAjIGxv\nYwogICAgICAgQ29udGVudCA9PiAnU3ViamVjdDogVGlja2V0IEFwcHJvdmVkOiB7JFRpY2tldC0+\nU3ViamVjdH0KQ29udGVudC1UeXBlOiB0ZXh0L2h0bWwKCjxwPkdyZWV0aW5ncyw8L3A+Cgo8cD5Z\nb3VyIHRpY2tldCBoYXMgYmVlbiBhcHByb3ZlZCBieSA8Yj57IGV2YWwgeyAkQXBwcm92ZXItPk5h\nbWUgfSB9PC9iPi4KT3RoZXIgYXBwcm92YWxzIG1heSBiZSBwZW5kaW5nLjwvcD4KCjxwPkFwcHJv\ndmVyXCdzIG5vdGVzOjwvcD4KPGJsb2NrcXVvdGU+eyAkTm90ZXMgfTwvYmxvY2txdW90ZT4KJwog\nICAgfSwKICAgIHsgIFF1ZXVlICAgICAgID0+ICdfX19BcHByb3ZhbHMnLAogICAgICAgTmFtZSAg\nICAgICAgPT4gIkFsbCBBcHByb3ZhbHMgUGFzc2VkIiwgICAgIyBsb2MKICAgICAgIERlc2NyaXB0\naW9uID0+CiAgICAgICAgICJOb3RpZnkgUmVxdWVzdG9yIG9mIHRoZWlyIHRpY2tldCBoYXMgYmVl\nbiBhcHByb3ZlZCBieSBhbGwgYXBwcm92ZXJzIiwgIyBsb2MKICAgICAgIENvbnRlbnQgPT4gJ1N1\nYmplY3Q6IFRpY2tldCBBcHByb3ZlZDogeyRUaWNrZXQtPlN1YmplY3R9CgpHcmVldGluZ3MsCgpZ\nb3VyIHRpY2tldCBoYXMgYmVlbiBhcHByb3ZlZCBieSB7IGV2YWwgeyAkQXBwcm92ZXItPk5hbWUg\nfSB9LgpJdHMgT3duZXIgbWF5IG5vdyBzdGFydCB0byBhY3Qgb24gaXQuCgpBcHByb3ZlclwncyBu\nb3RlczogeyAkTm90ZXMgfQonCiAgICB9LAogICAgeyAgUXVldWUgICAgICAgPT4gJ19fX0FwcHJv\ndmFscycsCiAgICAgICBOYW1lICAgICAgICA9PiAiQWxsIEFwcHJvdmFscyBQYXNzZWQgaW4gSFRN\nTCIsICAgICMgbG9jCiAgICAgICBEZXNjcmlwdGlvbiA9PgogICAgICAgICAiTm90aWZ5IFJlcXVl\nc3RvciBvZiB0aGVpciB0aWNrZXQgaGFzIGJlZW4gYXBwcm92ZWQgYnkgYWxsIGFwcHJvdmVycyIs\nICMgbG9jCiAgICAgICBDb250ZW50ID0+ICdTdWJqZWN0OiBUaWNrZXQgQXBwcm92ZWQ6IHskVGlj\na2V0LT5TdWJqZWN0fQpDb250ZW50LVR5cGU6IHRleHQvaHRtbAoKPHA+R3JlZXRpbmdzLDwvcD4K\nCjxwPllvdXIgdGlja2V0IGhhcyBiZWVuIGFwcHJvdmVkIGJ5IDxiPnsgZXZhbCB7ICRBcHByb3Zl\nci0+TmFtZSB9IH08L2I+LgpJdHMgT3duZXIgbWF5IG5vdyBzdGFydCB0byBhY3Qgb24gaXQuPC9w\nPgoKPHA+QXBwcm92ZXJcJ3Mgbm90ZXM6PC9wPgo8YmxvY2txdW90ZT57ICROb3RlcyB9PC9ibG9j\na3F1b3RlPgonCiAgICB9LAogICAgeyAgUXVldWUgICAgICAgPT4gJ19fX0FwcHJvdmFscycsCiAg\nICAgICBOYW1lICAgICAgICA9PiAiQXBwcm92YWwgUmVqZWN0ZWQiLCAgICAjIGxvYwogICAgICAg\nRGVzY3JpcHRpb24gPT4KICAgICAgICAgIk5vdGlmeSBPd25lciBvZiB0aGVpciByZWplY3RlZCB0\naWNrZXQiLCAjIGxvYwogICAgICAgQ29udGVudCA9PiAnU3ViamVjdDogVGlja2V0IFJlamVjdGVk\nOiB7JFRpY2tldC0+U3ViamVjdH0KCkdyZWV0aW5ncywKCllvdXIgdGlja2V0IGhhcyBiZWVuIHJl\namVjdGVkIGJ5IHsgZXZhbCB7ICRBcHByb3Zlci0+TmFtZSB9IH0uCgpBcHByb3ZlclwncyBub3Rl\nczogeyAkTm90ZXMgfQonCiAgICB9LAogICAgeyAgUXVldWUgICAgICAgPT4gJ19fX0FwcHJvdmFs\ncycsCiAgICAgICBOYW1lICAgICAgICA9PiAiQXBwcm92YWwgUmVqZWN0ZWQgaW4gSFRNTCIsICAg\nICMgbG9jCiAgICAgICBEZXNjcmlwdGlvbiA9PgogICAgICAgICAiTm90aWZ5IE93bmVyIG9mIHRo\nZWlyIHJlamVjdGVkIHRpY2tldCIsICMgbG9jCiAgICAgICBDb250ZW50ID0+ICdTdWJqZWN0OiBU\naWNrZXQgUmVqZWN0ZWQ6IHskVGlja2V0LT5TdWJqZWN0fQpDb250ZW50LVR5cGU6IHRleHQvaHRt\nbAoKPHA+R3JlZXRpbmdzLDwvcD4KCjxwPllvdXIgdGlja2V0IGhhcyBiZWVuIHJlamVjdGVkIGJ5\nIDxiPnsgZXZhbCB7ICRBcHByb3Zlci0+TmFtZSB9IH08L2I+LjwvcD4KCjxwPkFwcHJvdmVyXCdz\nIG5vdGVzOjwvcD4KPGJsb2NrcXVvdGU+eyAkTm90ZXMgfTwvYmxvY2txdW90ZT4KJwogICAgfSwK\nICAgIHsgIFF1ZXVlICAgICAgID0+ICdfX19BcHByb3ZhbHMnLAogICAgICAgTmFtZSAgICAgICAg\nPT4gIkFwcHJvdmFsIFJlYWR5IGZvciBPd25lciIsICAgICMgbG9jCiAgICAgICBEZXNjcmlwdGlv\nbiA9PgogICAgICAgICAiTm90aWZ5IE93bmVyIG9mIHRoZWlyIHRpY2tldCBoYXMgYmVlbiBhcHBy\nb3ZlZCBhbmQgaXMgcmVhZHkgdG8gYmUgYWN0ZWQgb24iLCAjIGxvYwogICAgICAgQ29udGVudCA9\nPiAnU3ViamVjdDogVGlja2V0IEFwcHJvdmVkOiB7JFRpY2tldC0+U3ViamVjdH0KCkdyZWV0aW5n\ncywKClRoZSB0aWNrZXQgaGFzIGJlZW4gYXBwcm92ZWQsIHlvdSBtYXkgbm93IHN0YXJ0IHRvIGFj\ndCBvbiBpdC4KCicKICAgIH0sCiAgICB7ICBRdWV1ZSAgICAgICA9PiAnX19fQXBwcm92YWxzJywK\nICAgICAgIE5hbWUgICAgICAgID0+ICJBcHByb3ZhbCBSZWFkeSBmb3IgT3duZXIgaW4gSFRNTCIs\nICAgICMgbG9jCiAgICAgICBEZXNjcmlwdGlvbiA9PgogICAgICAgICAiTm90aWZ5IE93bmVyIG9m\nIHRoZWlyIHRpY2tldCBoYXMgYmVlbiBhcHByb3ZlZCBhbmQgaXMgcmVhZHkgdG8gYmUgYWN0ZWQg\nb24iLCAjIGxvYwogICAgICAgQ29udGVudCA9PiAnU3ViamVjdDogVGlja2V0IEFwcHJvdmVkOiB7\nJFRpY2tldC0+U3ViamVjdH0KQ29udGVudC1UeXBlOiB0ZXh0L2h0bWwKCjxwPkdyZWV0aW5ncyw8\nL3A+Cgo8cD5UaGUgdGlja2V0IGhhcyBiZWVuIGFwcHJvdmVkLCB5b3UgbWF5IG5vdyBzdGFydCB0\nbyBhY3Qgb24gaXQuPC9wPgoKJwogICAgfSwKICAgIHsgIFF1ZXVlICAgICAgID0+IDAsCiAgICAg\nICBOYW1lICAgICAgICA9PiAiRm9yd2FyZCIsICAgICMgbG9jCiAgICAgICBEZXNjcmlwdGlvbiA9\nPiAiRm9yd2FyZGVkIG1lc3NhZ2UiLCAjIGxvYwogICAgICAgQ29udGVudCA9PiBxewoKeyAkRm9y\nd2FyZFRyYW5zYWN0aW9uLT5Db250ZW50ID1+IC9cUy8gPyAkRm9yd2FyZFRyYW5zYWN0aW9uLT5D\nb250ZW50IDogIlRoaXMgaXMgYSBmb3J3YXJkIG9mIHRyYW5zYWN0aW9uICMiLiRUcmFuc2FjdGlv\nbi0+aWQuIiBvZiB0aWNrZXQgIyIuICRUaWNrZXQtPmlkIH0KfQogICAgfSwKICAgIHsgIFF1ZXVl\nICAgICAgID0+IDAsCiAgICAgICBOYW1lICAgICAgICA9PiAiRm9yd2FyZCBUaWNrZXQiLCAgICAj\nIGxvYwogICAgICAgRGVzY3JpcHRpb24gPT4gIkZvcndhcmRlZCB0aWNrZXQgbWVzc2FnZSIsICMg\nbG9jCiAgICAgICBDb250ZW50ID0+IHF7Cgp7ICRGb3J3YXJkVHJhbnNhY3Rpb24tPkNvbnRlbnQg\nPX4gL1xTLyA/ICRGb3J3YXJkVHJhbnNhY3Rpb24tPkNvbnRlbnQgOiAiVGhpcyBpcyBhIGZvcndh\ncmQgb2YgdGlja2V0ICMiLiAkVGlja2V0LT5pZCB9Cn0KICAgIH0sCiAgICB7ICBRdWV1ZSAgICAg\nICA9PiAwLAogICAgICAgTmFtZSAgICAgICAgPT4gIkVycm9yOiB1bmVuY3J5cHRlZCBtZXNzYWdl\nIiwgICAgIyBsb2MKICAgICAgIERlc2NyaXB0aW9uID0+CiAgICAgICAgICJJbmZvcm0gdXNlciB0\naGF0IHRoZWlyIHVuZW5jcnlwdGVkIG1haWwgaGFzIGJlZW4gcmVqZWN0ZWQiLCAjIGxvYwogICAg\nICAgQ29udGVudCA9PiBxe1N1YmplY3Q6IFJUIHJlcXVpcmVzIHRoYXQgYWxsIGluY29taW5nIG1h\naWwgYmUgZW5jcnlwdGVkCgpZb3UgcmVjZWl2ZWQgdGhpcyBtZXNzYWdlIGJlY2F1c2UgUlQgcmVj\nZWl2ZWQgbWFpbCBmcm9tIHlvdSB0aGF0IHdhcyBub3QgZW5jcnlwdGVkLiAgQXMgc3VjaCwgaXQg\naGFzIGJlZW4gcmVqZWN0ZWQuCn0KICAgIH0sCiAgICB7ICBRdWV1ZSAgICAgICA9PiAwLAogICAg\nICAgTmFtZSAgICAgICAgPT4gIkVycm9yOiBwdWJsaWMga2V5IiwgICAgIyBsb2MKICAgICAgIERl\nc2NyaXB0aW9uID0+CiAgICAgICAgICJJbmZvcm0gdXNlciB0aGF0IGhlIGhhcyBwcm9ibGVtcyB3\naXRoIHB1YmxpYyBrZXkgYW5kIGNvdWxkbid0IHJlY2lldmUgZW5jcnlwdGVkIGNvbnRlbnQiLCAj\nIGxvYwogICAgICAgQ29udGVudCA9PiBxe1N1YmplY3Q6IFlvdXIgcHVibGljIGtleSBpbiBSVCBp\ncyBtaXNzaW5nIG9yIHVudXNhYmxlCgpZb3UgcmVjZWl2ZWQgdGhpcyBtZXNzYWdlIGJlY2F1c2Ug\nd2Ugd2VyZSB1bmFibGUgdG8gZW5jcnlwdCBhIG1lc3NhZ2UgdG8geW91ciBwdWJsaWMga2V5LCBl\naXRoZXIgYmVjYXVzZSBpdCBpcyBtaXNzaW5nIG9yIGhhcyBhIHByb2JsZW0uICBQbGVhc2UgaW5m\nb3JtIHRoZSBhZG1pbmlzdHJhdG9yIGFib3V0IHRoZSBwcm9ibGVtLgp9CiAgICB9LAogICAgeyAg\nUXVldWUgICAgICAgPT4gMCwKICAgICAgIE5hbWUgICAgICAgID0+ICJFcnJvciB0byBSVCBvd25l\ncjogcHVibGljIGtleSIsICAgICMgbG9jCiAgICAgICBEZXNjcmlwdGlvbiA9PgogICAgICAgICAi\nSW5mb3JtIFJUIG93bmVyIHRoYXQgdXNlcihzKSBoYXZlIHByb2JsZW1zIHdpdGggcHVibGljIGtl\neXMiLCAjIGxvYwogICAgICAgQ29udGVudCA9PiBxe1N1YmplY3Q6IFNvbWUgdXNlcnMgaGF2ZSBw\ncm9ibGVtcyB3aXRoIHB1YmxpYyBrZXlzCgpZb3UgcmVjZWl2ZWQgdGhpcyBtZXNzYWdlIGFzIFJU\nIGhhcyBwcm9ibGVtcyB3aXRoIHB1YmxpYyBrZXlzIG9mIHRoZSBmb2xsb3dpbmcgdXNlcjoKewog\nICAgZm9yZWFjaCBteSAkZSAoIEBCYWRSZWNpcGllbnRzICkgewogICAgICAgICRPVVQgLj0gIiog\nIi4gJGUtPnsnTWVzc2FnZSd9IC4iXG4iOwogICAgfQp9fQogICAgfSwKICAgIHsgIFF1ZXVlICAg\nICAgID0+IDAsCiAgICAgICBOYW1lICAgICAgICA9PiAiRXJyb3I6IG5vIHByaXZhdGUga2V5Iiwg\nICAgIyBsb2MKICAgICAgIERlc2NyaXB0aW9uID0+CiAgICAgICAgICJJbmZvcm0gdXNlciB0aGF0\nIHdlIHJlY2VpdmVkIGFuIGVuY3J5cHRlZCBlbWFpbCBhbmQgd2UgaGF2ZSBubyBwcml2YXRlIGtl\neXMgdG8gZGVjcnlwdCIsICMgbG9jCiAgICAgICBDb250ZW50ID0+IHF7U3ViamVjdDogd2UgcmVj\nZWl2ZWQgbWVzc2FnZSB3ZSBjYW5ub3QgZGVjcnlwdAoKWW91IHNlbnQgYW4gZW5jcnlwdGVkIG1l\nc3NhZ2Ugd2l0aCBzdWJqZWN0ICd7ICRNZXNzYWdlLT5oZWFkLT5nZXQoJ1N1YmplY3QnKSB9JywK\nYnV0IHdlIGhhdmUgbm8gcHJpdmF0ZSBrZXkgaXQncyBlbmNyeXB0ZWQgdG8uCgpQbGVhc2UsIGNo\nZWNrIHRoYXQgeW91IGVuY3J5cHQgbWVzc2FnZXMgd2l0aCBjb3JyZWN0IGtleXMKb3IgY29udGFj\ndCB0aGUgc3lzdGVtIGFkbWluaXN0cmF0b3IufQogICAgfSwKICAgIHsgIFF1ZXVlICAgICAgID0+\nIDAsCiAgICAgICBOYW1lICAgICAgICA9PiAiRXJyb3I6IGJhZCBlbmNyeXB0ZWQgZGF0YSIsICAg\nICMgbG9jCiAgICAgICBEZXNjcmlwdGlvbiA9PgogICAgICAgICAiSW5mb3JtIHVzZXIgdGhhdCBh\nIG1lc3NhZ2UgaGUgc2VudCBoYXMgaW52YWxpZCBlbmNyeXB0aW9uIGRhdGEiLCAjIGxvYwogICAg\nICAgQ29udGVudCA9PiBxe1N1YmplY3Q6IFdlIHJlY2VpdmVkIGEgbWVzc2FnZSB3ZSBjYW5ub3Qg\naGFuZGxlCgpZb3Ugc2VudCB1cyBhIG1lc3NhZ2UgdGhhdCB3ZSBjYW5ub3QgaGFuZGxlIGR1ZSB0\nbyBjb3JydXB0ZWQgc2lnbmF0dXJlIG9yIGVuY3J5cHRlZCBibG9jay4gd2UgZ2V0IHRoZSBmb2xs\nb3dpbmcgZXJyb3Iocyk6CnsgZm9yZWFjaCBteSAkbXNnICggQE1lc3NhZ2VzICkgewogICAgJE9V\nVCAuPSAiKiAkbXNnXG4iOwogIH0KfX0KICAgIH0sCiAgICB7ICBRdWV1ZSAgICAgICA9PiAwLAog\nICAgICAgTmFtZSAgICAgICAgPT4gIlBhc3N3b3JkQ2hhbmdlIiwgICAgIyBsb2MKICAgICAgIERl\nc2NyaXB0aW9uID0+CiAgICAgICAgICJJbmZvcm0gdXNlciB0aGF0IGhpcyBwYXNzd29yZCBoYXMg\nYmVlbiByZXNldCIsICMgbG9jCiAgICAgICBDb250ZW50ID0+IHF7U3ViamVjdDogW3tSVC0+Q29u\nZmlnLT5HZXQoJ3J0bmFtZScpfV0gUGFzc3dvcmQgcmVzZXQKCkdyZWV0aW5ncywKClNvbWVvbmUg\nYXQgeyRFTlZ7J1JFTU9URV9BRERSJ319IHJlcXVlc3RlZCBhIHBhc3N3b3JkIHJlc2V0IGZvciB5\nb3Ugb24ge1JULT5Db25maWctPkdldCgnV2ViVVJMJyl9CgpZb3VyIG5ldyBwYXNzd29yZCBpczoK\nICB7JE5ld1Bhc3N3b3JkfQp9CiAgICB9LAoKICAgICAgICAgICAgICAgeyAgIFF1ZXVlICAgICAg\nID0+ICcwJywKICAgICAgICAgICAgICAgICAgIE5hbWUgICAgICAgID0+ICdFbWFpbCBEaWdlc3Qn\nLCAgICAjIGxvYwogICAgICAgICAgICAgICAgICAgRGVzY3JpcHRpb24gPT4gJ0VtYWlsIHRlbXBs\nYXRlIGZvciBwZXJpb2RpYyBub3RpZmljYXRpb24gZGlnZXN0cycsICAjIGxvYwogICAgICAgICAg\nICAgICAgICAgQ29udGVudCA9PiBxW1N1YmplY3Q6IFJUIEVtYWlsIERpZ2VzdAoKeyAkQXJndW1l\nbnQgfQpdLAogICAgICAgICAgICAgICB9LAoKewogICAgUXVldWUgICAgICAgPT4gMCwKICAgIE5h\nbWUgICAgICAgID0+ICJFcnJvcjogTWlzc2luZyBkYXNoYm9hcmQiLCAgICAjIGxvYwogICAgRGVz\nY3JpcHRpb24gPT4KICAgICAgIkluZm9ybSB1c2VyIHRoYXQgYSBkYXNoYm9hcmQgaGUgc3Vic2Ny\naWJlZCB0byBpcyBtaXNzaW5nIiwgIyBsb2MKICAgIENvbnRlbnQgPT4gcXtTdWJqZWN0OiBbe1JU\nLT5Db25maWctPkdldCgncnRuYW1lJyl9XSBNaXNzaW5nIGRhc2hib2FyZCEKCkdyZWV0aW5ncywK\nCllvdSBhcmUgc3Vic2NyaWJlZCB0byBhIGRhc2hib2FyZCB0aGF0IGlzIGN1cnJlbnRseSBtaXNz\naW5nLiBNb3N0IGxpa2VseSwgdGhlIGRhc2hib2FyZCB3YXMgZGVsZXRlZC4KClJUIHdpbGwgcmVt\nb3ZlIHRoaXMgc3Vic2NyaXB0aW9uIGFzIGl0IGlzIG5vIGxvbmdlciB1c2VmdWwuIEhlcmUncyB0\naGUgaW5mb3JtYXRpb24gUlQgaGFkIGFib3V0IHlvdXIgc3Vic2NyaXB0aW9uOgoKRGFzaGJvYXJk\nSUQ6ICB7ICRTdWJzY3JpcHRpb25PYmotPlN1YlZhbHVlKCdEYXNoYm9hcmRJZCcpIH0KRnJlcXVl\nbmN5OiAgICB7ICRTdWJzY3JpcHRpb25PYmotPlN1YlZhbHVlKCdGcmVxdWVuY3knKSB9CkhvdXI6\nICAgICAgICAgeyAkU3Vic2NyaXB0aW9uT2JqLT5TdWJWYWx1ZSgnSG91cicpIH0KewogICAgJFN1\nYnNjcmlwdGlvbk9iai0+U3ViVmFsdWUoJ0ZyZXF1ZW5jeScpIGVxICd3ZWVrbHknCiAgICA/ICJE\nYXkgb2Ygd2VlazogICIgLiAkU3Vic2NyaXB0aW9uT2JqLT5TdWJWYWx1ZSgnRG93JykKICAgIDog\nJFN1YnNjcmlwdGlvbk9iai0+U3ViVmFsdWUoJ0ZyZXF1ZW5jeScpIGVxICdtb250aGx5JwogICAg\nICA/ICJEYXkgb2YgbW9udGg6ICIgLiAkU3Vic2NyaXB0aW9uT2JqLT5TdWJWYWx1ZSgnRG9tJykK\nICAgICAgOiAnJwp9Cn0KfSwKICAgIHsKICAgICAgICBRdWV1ZSAgICAgICA9PiAnMCcsCiAgICAg\nICAgTmFtZSAgICAgICAgPT4gJ0F1dGggdG9rZW5zIGV4cGlyaW5nIGluIDcgZGF5cyBpbiBIVE1M\nJywgIyBsb2MKICAgICAgICBEZXNjcmlwdGlvbiA9PiAnQXV0aCB0b2tlbnMgZXhwaXJpbmcgaW4g\nNyBkYXlzJywgIyBsb2MKICAgICAgICBDb250ZW50ICAgICA9PiBxW1N1YmplY3Q6IFt7UlQtPkNv\nbmZpZy0+R2V0KCdydG5hbWUnKX1dIFlvdSBoYXZlIGF1dGggdG9rZW5zIHRoYXQgd2lsbCBleHBp\ncmUgaW4gNyBkYXlzCkNvbnRlbnQtVHlwZTogdGV4dC9odG1sCgo8cD5IZWxsbyB7ICRVc2VyT2Jq\nLT5SZWFsTmFtZSB8fCAkVXNlck9iai0+TmFtZSB9OjwvcD4KCjxwPgpUaGUgZm9sbG93aW5nIHRv\na2VucyB3aWxsIGV4cGlyZSB3aXRoaW4gdGhlIG5leHQgNyBkYXlzOgo8dWw+CnsKICAgIGZvciBt\neSAkdG9rZW4gKEBBdXRoVG9rZW5zKSB7CiAgICAgICAgJE9VVCAuPSAnPGxpPicgLiAkdG9rZW4t\nPkRlc2NyaXB0aW9uIC4gICcgKGV4cGlyZXMgYXQgJyAuICR0b2tlbi0+RXhwaXJlc09iai0+QXNT\ndHJpbmcgLiAnKTwvbGk+JzsKICAgIH0KfQo8L3VsPgo8L3A+Cgp7CiAgICBpZiAoICAgJFVzZXJP\nYmotPkhhc1JpZ2h0KCBSaWdodCA9PiAnTW9kaWZ5U2VsZicsIE9iamVjdCA9PiBSVC0+U3lzdGVt\nICkKICAgICAgICAmJiAkVXNlck9iai0+SGFzUmlnaHQoIFJpZ2h0ID0+ICdNYW5hZ2VBdXRoVG9r\nZW5zJywgT2JqZWN0ID0+IFJULT5TeXN0ZW0gKSApCiAgICB7CiAgICAgICAgJE9VVCAuPSAnPHA+\nWW91IGNhbiByZXZva2UgdGhlbSBhbmQgZ2VuZXJhdGUgbmV3IG9uZXMgb24gdGhlIDxhIGhyZWY9\nIicgLiBSVC0+Q29uZmlnLT5HZXQoJ1dlYlVSTCcpIC4gJ1ByZWZzL0F1dGhUb2tlbnMuaHRtbCcg\nLiAnIj5BdXRoIFRva2VuczwvYT4gcGFnZSBpbiBSVC48L3A+JzsKICAgIH0KICAgIGVsc2Ugewog\nICAgICAgICRPVVQgLj0gIjxwPklmIHlvdSBhcmUgc3RpbGwgdXNpbmcgdGhlbSwgcGxlYXNlIGNv\nbnRhY3QgeW91ciBSVCBtYW5hZ2VyIHRvIGdlbmVyYXRlIG5ldyBvbmVzIGZvciB5b3UuPC9wPiI7\nCiAgICB9Cn0KXSwKICAgIH0sCik7CgpAU2NyaXBzID0gKAogICAgeyAgRGVzY3JpcHRpb24gICAg\nPT4gJ09uIENvbW1lbnQgTm90aWZ5IEFkbWluQ2NzIGFzIENvbW1lbnQnLAogICAgICAgU2NyaXBD\nb25kaXRpb24gPT4gJ09uIENvbW1lbnQnLAogICAgICAgU2NyaXBBY3Rpb24gICAgPT4gJ05vdGlm\neSBBZG1pbkNjcyBBcyBDb21tZW50JywKICAgICAgIFRlbXBsYXRlICAgICAgID0+ICdBZG1pbiBD\nb21tZW50IGluIEhUTUwnIH0sCiAgICB7ICBEZXNjcmlwdGlvbiAgICA9PiAnT24gQ29tbWVudCBO\nb3RpZnkgT3RoZXIgUmVjaXBpZW50cyBhcyBDb21tZW50JywKICAgICAgIFNjcmlwQ29uZGl0aW9u\nID0+ICdPbiBDb21tZW50JywKICAgICAgIFNjcmlwQWN0aW9uICAgID0+ICdOb3RpZnkgT3RoZXIg\nUmVjaXBpZW50cyBBcyBDb21tZW50JywKICAgICAgIFRlbXBsYXRlICAgICAgID0+ICdDb3JyZXNw\nb25kZW5jZSBpbiBIVE1MJyB9LAogICAgeyAgRGVzY3JpcHRpb24gICAgPT4gJ09uIENvcnJlc3Bv\nbmQgTm90aWZ5IE93bmVyIGFuZCBBZG1pbkNjcycsCiAgICAgICBTY3JpcENvbmRpdGlvbiA9PiAn\nT24gQ29ycmVzcG9uZCcsCiAgICAgICBTY3JpcEFjdGlvbiAgICA9PiAnTm90aWZ5IE93bmVyIGFu\nZCBBZG1pbkNjcycsCiAgICAgICBUZW1wbGF0ZSAgICAgICA9PiAnQWRtaW4gQ29ycmVzcG9uZGVu\nY2UgaW4gSFRNTCcgfSwKICAgIHsgIERlc2NyaXB0aW9uICAgID0+ICdPbiBDb3JyZXNwb25kIE5v\ndGlmeSBPdGhlciBSZWNpcGllbnRzJywKICAgICAgIFNjcmlwQ29uZGl0aW9uID0+ICdPbiBDb3Jy\nZXNwb25kJywKICAgICAgIFNjcmlwQWN0aW9uICAgID0+ICdOb3RpZnkgT3RoZXIgUmVjaXBpZW50\ncycsCiAgICAgICBUZW1wbGF0ZSAgICAgICA9PiAnQ29ycmVzcG9uZGVuY2UgaW4gSFRNTCcgfSwK\nICAgIHsgIERlc2NyaXB0aW9uICAgID0+ICdPbiBDb3JyZXNwb25kIE5vdGlmeSBSZXF1ZXN0b3Jz\nIGFuZCBDY3MnLAogICAgICAgU2NyaXBDb25kaXRpb24gPT4gJ09uIENvcnJlc3BvbmQnLAogICAg\nICAgU2NyaXBBY3Rpb24gICAgPT4gJ05vdGlmeSBSZXF1ZXN0b3JzIEFuZCBDY3MnLAogICAgICAg\nVGVtcGxhdGUgICAgICAgPT4gJ0NvcnJlc3BvbmRlbmNlIGluIEhUTUwnIH0sCiAgICB7ICBEZXNj\ncmlwdGlvbiAgICA9PiAnT24gQ29ycmVzcG9uZCBPcGVuIEluYWN0aXZlIFRpY2tldHMnLAogICAg\nICAgU2NyaXBDb25kaXRpb24gPT4gJ09uIENvcnJlc3BvbmQnLAogICAgICAgU2NyaXBBY3Rpb24g\nICAgPT4gJ09wZW4gSW5hY3RpdmUgVGlja2V0cycsCiAgICAgICBUZW1wbGF0ZSAgICAgICA9PiAn\nQmxhbmsnIH0sCiAgICB7ICBEZXNjcmlwdGlvbiAgICA9PiAnT24gQ3JlYXRlIEF1dG9yZXBseSBU\nbyBSZXF1ZXN0b3JzJywKICAgICAgIFNjcmlwQ29uZGl0aW9uID0+ICdPbiBDcmVhdGUnLAogICAg\nICAgU2NyaXBBY3Rpb24gICAgPT4gJ0F1dG9SZXBseSBUbyBSZXF1ZXN0b3JzJywKICAgICAgIFRl\nbXBsYXRlICAgICAgID0+ICdBdXRvUmVwbHkgaW4gSFRNTCcgfSwKICAgIHsgIERlc2NyaXB0aW9u\nICAgID0+ICdPbiBDcmVhdGUgTm90aWZ5IE93bmVyIGFuZCBBZG1pbkNjcycsCiAgICAgICBTY3Jp\ncENvbmRpdGlvbiA9PiAnT24gQ3JlYXRlJywKICAgICAgIFNjcmlwQWN0aW9uICAgID0+ICdOb3Rp\nZnkgT3duZXIgYW5kIEFkbWluQ2NzJywKICAgICAgIFRlbXBsYXRlICAgICAgID0+ICdUcmFuc2Fj\ndGlvbiBpbiBIVE1MJyB9LAogICAgeyAgRGVzY3JpcHRpb24gICAgPT4gJ09uIENyZWF0ZSBOb3Rp\nZnkgQ2NzJywKICAgICAgIFNjcmlwQ29uZGl0aW9uID0+ICdPbiBDcmVhdGUnLAogICAgICAgU2Ny\naXBBY3Rpb24gICAgPT4gJ05vdGlmeSBDY3MnLAogICAgICAgVGVtcGxhdGUgICAgICAgPT4gJ0Nv\ncnJlc3BvbmRlbmNlIGluIEhUTUwnIH0sCiAgICB7ICBEZXNjcmlwdGlvbiAgICA9PiAnT24gQ3Jl\nYXRlIE5vdGlmeSBPdGhlciBSZWNpcGllbnRzJywKICAgICAgIFNjcmlwQ29uZGl0aW9uID0+ICdP\nbiBDcmVhdGUnLAogICAgICAgU2NyaXBBY3Rpb24gICAgPT4gJ05vdGlmeSBPdGhlciBSZWNpcGll\nbnRzJywKICAgICAgIFRlbXBsYXRlICAgICAgID0+ICdDb3JyZXNwb25kZW5jZSBpbiBIVE1MJyB9\nLAogICAgeyAgRGVzY3JpcHRpb24gICAgPT4gJ09uIE93bmVyIENoYW5nZSBOb3RpZnkgT3duZXIn\nLAogICAgICAgU2NyaXBDb25kaXRpb24gPT4gJ09uIE93bmVyIENoYW5nZScsCiAgICAgICBTY3Jp\ncEFjdGlvbiAgICA9PiAnTm90aWZ5IE93bmVyJywKICAgICAgIFRlbXBsYXRlICAgICAgID0+ICdU\ncmFuc2FjdGlvbiBpbiBIVE1MJyB9LAogICAgeyAgRGVzY3JpcHRpb24gICAgPT4gJ09uIFJlc29s\ndmUgTm90aWZ5IFJlcXVlc3RvcnMnLAogICAgICAgU2NyaXBDb25kaXRpb24gPT4gJ09uIFJlc29s\ndmUnLAogICAgICAgU2NyaXBBY3Rpb24gICAgPT4gJ05vdGlmeSBSZXF1ZXN0b3JzJywKICAgICAg\nIFRlbXBsYXRlICAgICAgID0+ICdSZXNvbHZlZCBpbiBIVE1MJyB9LAogICAgeyAgRGVzY3JpcHRp\nb24gICAgPT4gIk9uIHRyYW5zYWN0aW9uLCBhZGQgYW55IHRhZ3MgaW4gdGhlIHRyYW5zYWN0aW9u\nJ3Mgc3ViamVjdCB0byB0aGUgdGlja2V0J3Mgc3ViamVjdCIsCiAgICAgICBTY3JpcENvbmRpdGlv\nbiA9PiAnT24gVHJhbnNhY3Rpb24nLAogICAgICAgU2NyaXBBY3Rpb24gICAgPT4gJ0V4dHJhY3Qg\nU3ViamVjdCBUYWcnLAogICAgICAgVGVtcGxhdGUgICAgICAgPT4gJ0JsYW5rJyB9LAogICAgeyAg\nRGVzY3JpcHRpb24gICAgPT4gJ09uIEZvcndhcmQgVHJhbnNhY3Rpb24gU2VuZCBmb3J3YXJkZWQg\nbWVzc2FnZScsCiAgICAgICBTY3JpcENvbmRpdGlvbiA9PiAnT24gRm9yd2FyZCBUcmFuc2FjdGlv\nbicsCiAgICAgICBTY3JpcEFjdGlvbiAgICA9PiAnU2VuZCBGb3J3YXJkJywKICAgICAgIFRlbXBs\nYXRlICAgICAgID0+ICdGb3J3YXJkJyB9LAogICAgeyAgRGVzY3JpcHRpb24gICAgPT4gJ09uIEZv\ncndhcmQgVGlja2V0IFNlbmQgZm9yd2FyZGVkIG1lc3NhZ2UnLAogICAgICAgU2NyaXBDb25kaXRp\nb24gPT4gJ09uIEZvcndhcmQgVGlja2V0JywKICAgICAgIFNjcmlwQWN0aW9uICAgID0+ICdTZW5k\nIEZvcndhcmQnLAogICAgICAgVGVtcGxhdGUgICAgICAgPT4gJ0ZvcndhcmQgVGlja2V0JyB9LAog\nICAgeyAgRGVzY3JpcHRpb24gICAgICAgPT4gIlNldCBzdGFydHMgZGF0ZSBpZiBuZWVkZWQgYWNj\nb3JkaW5nIHRvIFNMQSIsCiAgICAgICBTY3JpcENvbmRpdGlvbiAgICA9PiAnUmVxdWlyZSBzdGFy\ndHMgc2V0IGFjY29yZGluZyB0byBTTEEnLAogICAgICAgU2NyaXBBY3Rpb24gICAgICAgPT4gJ1Nl\ndCBzdGFydHMgZGF0ZSBhY2NvcmRpbmcgdG8gU0xBJywKICAgICAgIFRlbXBsYXRlICAgICAgICAg\nID0+ICdCbGFuaycgfSwKICAgIHsgIERlc2NyaXB0aW9uICAgICAgID0+ICJTZXQgZHVlIGRhdGUg\naWYgbmVlZGVkIGFjY29yZGluZyB0byBTTEEiLAogICAgICAgU2NyaXBDb25kaXRpb24gICAgPT4g\nJ1JlcXVpcmUgZHVlIHNldCBhY2NvcmRpbmcgdG8gU0xBJywKICAgICAgIFNjcmlwQWN0aW9uICAg\nICAgID0+ICdTZXQgZHVlIGRhdGUgYWNjb3JkaW5nIHRvIFNMQScsCiAgICAgICBUZW1wbGF0ZSAg\nICAgICAgICA9PiAnQmxhbmsnIH0sCik7CgpAQUNMID0gKAogICAgeyBVc2VySWQgPT4gJ3Jvb3Qn\nLCAgICAgICAgIyAtIHByaW5jaXBhbGlkCiAgICAgIFJpZ2h0ICA9PiAnU3VwZXJVc2VyJywgfSwK\nCiAgICB7IEdyb3VwRG9tYWluID0+ICdTeXN0ZW1JbnRlcm5hbCcsCiAgICAgIEdyb3VwVHlwZSA9\nPiAncHJpdmlsZWdlZCcsCiAgICAgIFJpZ2h0ICA9PiAnU2hvd0FwcHJvdmFsc1RhYicsIH0sCgog\nICAgeyAgIEdyb3VwRG9tYWluID0+ICdTeXN0ZW1JbnRlcm5hbCcsCiAgICAgICAgR3JvdXBUeXBl\nICAgPT4gJ1ByaXZpbGVnZWQnLAogICAgICAgIFJpZ2h0ICAgICAgID0+ICdTaG93U2VhcmNoQWR2\nYW5jZWQnLAogICAgfSwKICAgIHsgICBHcm91cERvbWFpbiA9PiAnU3lzdGVtSW50ZXJuYWwnLAog\nICAgICAgIEdyb3VwVHlwZSAgID0+ICdQcml2aWxlZ2VkJywKICAgICAgICBSaWdodCAgICAgICA9\nPiAnU2hvd1NlYXJjaEJ1bGtVcGRhdGUnLAogICAgfSwKKTsKCiMgUHJlZGVmaW5lZCBzZWFyY2hl\ncwoKQEF0dHJpYnV0ZXMgPSAoCiAgICB7IE5hbWUgPT4gJ1NlYXJjaCAtIE15IFRpY2tldHMnLAog\nICAgICBEZXNjcmlwdGlvbiA9PiAnW18xXSBoaWdoZXN0IHByaW9yaXR5IHRpY2tldHMgSSBvd24n\nLCAjIGxvYwogICAgICBDb250ZW50ICAgICA9PgogICAgICB7IEZvcm1hdCA9PiAgcXsnPGEgaHJl\nZj0iX19XZWJQYXRoX18vVGlja2V0L0Rpc3BsYXkuaHRtbD9pZD1fX2lkX18iPl9faWRfXzwvYT4v\nVElUTEU6IycsfQogICAgICAgICAgICAgICAgIC4gcXsnPGEgaHJlZj0iX19XZWJQYXRoX18vVGlj\na2V0L0Rpc3BsYXkuaHRtbD9pZD1fX2lkX18iPl9fU3ViamVjdF9fPC9hPi9USVRMRTpTdWJqZWN0\nJyx9CiAgICAgICAgICAgICAgICAgLiBxe1ByaW9yaXR5LCBRdWV1ZU5hbWUsIEV4dGVuZGVkU3Rh\ndHVzfSwKICAgICAgICBRdWVyeSAgID0+ICIgT3duZXIgPSAnX19DdXJyZW50VXNlcl9fJyBBTkQg\nU3RhdHVzID0gJ19fQWN0aXZlX18nIiwKICAgICAgICBPcmRlckJ5ID0+ICdQcmlvcml0eScsCiAg\nICAgICAgT3JkZXIgICA9PiAnREVTQycKICAgICAgfSwKICAgIH0sCiAgICB7IE5hbWUgPT4gJ1Nl\nYXJjaCAtIFVub3duZWQgVGlja2V0cycsCiAgICAgIERlc2NyaXB0aW9uID0+ICdbXzFdIG5ld2Vz\ndCB1bm93bmVkIHRpY2tldHMnLCAjIGxvYwogICAgICBDb250ZW50ICAgICA9PgojICdUYWtlJyAj\nbG9jCiAgICAgIHsgRm9ybWF0ID0+ICBxeyc8YSBocmVmPSJfX1dlYlBhdGhfXy9UaWNrZXQvRGlz\ncGxheS5odG1sP2lkPV9faWRfXyI+X19pZF9fPC9hPi9USVRMRTojJyx9CiAgICAgICAgICAgICAg\nICAgLiBxeyc8YSBocmVmPSJfX1dlYlBhdGhfXy9UaWNrZXQvRGlzcGxheS5odG1sP2lkPV9faWRf\nXyI+X19TdWJqZWN0X188L2E+L1RJVExFOlN1YmplY3QnLH0KICAgICAgICAgICAgICAgICAuIHF7\nUXVldWVOYW1lLCBFeHRlbmRlZFN0YXR1cywgQ3JlYXRlZFJlbGF0aXZlLCB9CiAgICAgICAgICAg\nICAgICAgLiBxeyc8QSBIUkVGPSJfX1dlYlBhdGhfXy9UaWNrZXQvRGlzcGxheS5odG1sP0FjdGlv\nbj1UYWtlJmlkPV9faWRfXyI+X19sb2MoVGFrZSlfXzwvYT4vVElUTEU6TkJTUCd9LAogICAgICAg\nIFF1ZXJ5ICAgPT4gIiBPd25lciA9ICdOb2JvZHknIEFORCBTdGF0dXMgPSAnX19BY3RpdmVfXyci\nLAogICAgICAgIE9yZGVyQnkgPT4gJ0NyZWF0ZWQnLAogICAgICAgIE9yZGVyICAgPT4gJ0RFU0Mn\nCiAgICAgIH0sCiAgICB9LAogICAgeyBOYW1lID0+ICdTZWFyY2ggLSBCb29rbWFya2VkIFRpY2tl\ndHMnLAogICAgICBEZXNjcmlwdGlvbiA9PiAnQm9va21hcmtlZCBUaWNrZXRzJywgI2xvYwogICAg\nICBDb250ZW50ICAgICA9PgogICAgICB7IEZvcm1hdCA9PiBxeyc8YSBocmVmPSJfX1dlYlBhdGhf\nXy9UaWNrZXQvRGlzcGxheS5odG1sP2lkPV9faWRfXyI+X19pZF9fPC9hPi9USVRMRTojJyx9CiAg\nICAgICAgICAgICAgICAuIHF7JzxhIGhyZWY9Il9fV2ViUGF0aF9fL1RpY2tldC9EaXNwbGF5Lmh0\nbWw/aWQ9X19pZF9fIj5fX1N1YmplY3RfXzwvYT4vVElUTEU6U3ViamVjdCcsfQogICAgICAgICAg\nICAgICAgLiBxe1ByaW9yaXR5LCBRdWV1ZU5hbWUsIEV4dGVuZGVkU3RhdHVzLCBCb29rbWFya30s\nCiAgICAgICAgUXVlcnkgICA9PiAiaWQgPSAnX19Cb29rbWFya2VkX18nIiwKICAgICAgICBPcmRl\nckJ5ID0+ICdMYXN0VXBkYXRlZCcsCiAgICAgICAgT3JkZXIgICA9PiAnREVTQycgfSwKICAgIH0s\nCiMgaW5pdGlhbCByZXBvcnRzCiAgICB7IE5hbWUgPT4gJ1JlcG9ydHNJbk1lbnUnLAogICAgICBE\nZXNjcmlwdGlvbiA9PiAnQ29udGVudCBvZiB0aGUgUmVwb3J0cyBtZW51JywgI2xvYwogICAgICBD\nb250ZW50ICAgICA9PiBbCiAgICAgICAgICB7CiAgICAgICAgICAgICAgaWQgICAgICAgICAgPT4g\nJ3Jlc29sdmVkYnlvd25lcicsCiAgICAgICAgICAgICAgdGl0bGUgICAgICAgPT4gJ1Jlc29sdmVk\nIGJ5IG93bmVyJywgIyBsb2MKICAgICAgICAgICAgICBwYXRoICAgICAgICA9PiAnL1JlcG9ydHMv\nUmVzb2x2ZWRCeU93bmVyLmh0bWwnLAogICAgICAgICAgfSwKICAgICAgICAgIHsKICAgICAgICAg\nICAgICBpZCAgICAgICAgICA9PiAncmVzb2x2ZWRpbmRhdGVyYW5nZScsCiAgICAgICAgICAgICAg\ndGl0bGUgICAgICAgPT4gJ1Jlc29sdmVkIGluIGRhdGUgcmFuZ2UnLCAjIGxvYwogICAgICAgICAg\nICAgIHBhdGggICAgICAgID0+ICcvUmVwb3J0cy9SZXNvbHZlZEJ5RGF0ZXMuaHRtbCcsCiAgICAg\nICAgICB9LAogICAgICAgICAgewogICAgICAgICAgICAgIGlkICAgICAgICAgID0+ICdjcmVhdGVk\naW5kYXRlcmFuZ2UnLAogICAgICAgICAgICAgIHRpdGxlICAgICAgID0+ICdDcmVhdGVkIGluIGEg\nZGF0ZSByYW5nZScsICMgbG9jCiAgICAgICAgICAgICAgcGF0aCAgICAgICAgPT4gJy9SZXBvcnRz\nL0NyZWF0ZWRCeURhdGVzLmh0bWwnLAogICAgICAgICAgfSwKICAgICAgICAgIHsKICAgICAgICAg\nICAgICBpZCAgICAgICAgICA9PiAndXNlcl90aW1lJywKICAgICAgICAgICAgICB0aXRsZSAgICAg\nICA9PiAnVXNlciB0aW1lIHdvcmtlZCcsCiAgICAgICAgICAgICAgcGF0aCAgICAgICAgPT4gJy9S\nZXBvcnRzL1RpbWVXb3JrZWRSZXBvcnQuaHRtbCcsICMgbG9jCiAgICAgICAgICB9LAogICAgICBd\nLAogICAgfSwKKTsKCkBDbGFzc2VzID0gKAogICAgewogICAgICAgIE5hbWUgICAgICAgICAgICAg\nID0+ICdHZW5lcmFsJywKICAgICAgICBEZXNjcmlwdGlvbiAgICAgICA9PiAnVGhlIGRlZmF1bHQg\nY2xhc3MnLAogICAgICAgIEF0dHJpYnV0ZXMgICAgICAgID0+IFsKICAgICAgICAgICAgewogICAg\nICAgICAgICAgICAgTmFtZSAgICA9PiAnU2tpcC1Fc2NhcGVIVE1MJywKICAgICAgICAgICAgICAg\nIENvbnRlbnQgPT4gMSwKICAgICAgICAgICAgfSwKICAgICAgICBdLAogICAgfSwKKTsKCkBDdXN0\nb21GaWVsZHMgPSAoCiAgICB7CiAgICAgICAgTmFtZSAgICAgICAgICAgICAgPT4gJ0NvbnRlbnQn\nLAogICAgICAgIERlc2NyaXB0aW9uICAgICAgID0+ICdDb250ZW50JywKICAgICAgICBMb29rdXBU\neXBlICAgICAgICA9PiAnUlQ6OkNsYXNzLVJUOjpBcnRpY2xlJywKICAgICAgICBUeXBlICAgICAg\nICAgICAgICA9PiAnSFRNTCcsCiAgICAgICAgTWF4VmFsdWVzICAgICAgICAgPT4gMSwKICAgIH0s\nCik7CgpARmluYWwgPSAoCiAgICBzdWIgewogICAgICAgIG15ICRkYXNoYm9hcmQgPSBSVDo6RGFz\naGJvYXJkLT5uZXcoIFJULT5TeXN0ZW1Vc2VyICk7CiAgICAgICAgbXkgKCAkcmV0LCAkbXNnICkg\nPSAkZGFzaGJvYXJkLT5TYXZlKAogICAgICAgICAgICBOYW1lICAgID0+ICdIb21lcGFnZScsCiAg\nICAgICAgICAgIFByaXZhY3kgPT4gam9pbiggJy0nLCByZWYoIFJULT5TeXN0ZW0gKSwgUlQtPlN5\nc3RlbS0+SWQgKSwKICAgICAgICApOwoKICAgICAgICBpZiAoJHJldCkgewogICAgICAgICAgICBt\neSBAc2VhcmNoZXM7CiAgICAgICAgICAgIGZvciBteSAkc2VhcmNoX25hbWUgKCAnTXkgVGlja2V0\ncycsICdVbm93bmVkIFRpY2tldHMnLCAnQm9va21hcmtlZCBUaWNrZXRzJyApIHsKICAgICAgICAg\nICAgICAgIG15ICgkc2VhcmNoKSA9IFJUOjpTeXN0ZW0tPm5ldyggUlQtPlN5c3RlbVVzZXIgKS0+\nQXR0cmlidXRlcy0+TmFtZWQoICdTZWFyY2ggLSAnIC4gJHNlYXJjaF9uYW1lICk7CiAgICAgICAg\nICAgICAgICBpZiAoJHNlYXJjaCkgewogICAgICAgICAgICAgICAgICAgIHB1c2ggQHNlYXJjaGVz\nLAogICAgICAgICAgICAgICAgICAgICAgICB7CiAgICAgICAgICAgICAgICAgICAgICAgIHBhbmUg\nICAgICAgICA9PiAnYm9keScsCiAgICAgICAgICAgICAgICAgICAgICAgIHBvcnRsZXRfdHlwZSA9\nPiAnc2VhcmNoJywKICAgICAgICAgICAgICAgICAgICAgICAgaWQgICAgICAgICAgID0+ICRzZWFy\nY2gtPklkLAogICAgICAgICAgICAgICAgICAgICAgICBkZXNjcmlwdGlvbiAgPT4gIlNhdmVkIFNl\nYXJjaDogJHNlYXJjaF9uYW1lIiwKICAgICAgICAgICAgICAgICAgICAgICAgcHJpdmFjeSAgICAg\nID0+IGpvaW4oICctJywgcmVmKCBSVC0+U3lzdGVtICksIFJULT5TeXN0ZW0tPklkICksCiAgICAg\nICAgICAgICAgICAgICAgICAgIH07CiAgICAgICAgICAgICAgICB9CiAgICAgICAgICAgICAgICBl\nbHNlIHsKICAgICAgICAgICAgICAgICAgICBSVC0+TG9nZ2VyLT5lcnJvcigiQ291bGRuJ3QgZmlu\nZCBzZWFyY2ggJHNlYXJjaF9uYW1lIik7CiAgICAgICAgICAgICAgICB9CiAgICAgICAgICAgIH0K\nCiAgICAgICAgICAgIG15ICRwYW5lcyA9IHsKICAgICAgICAgICAgICAgIGJvZHkgPT4gWwogICAg\nICAgICAgICAgICAgICAgIEBzZWFyY2hlcywKICAgICAgICAgICAgICAgICAgICB7ICAgcGFuZSAg\nICAgICAgID0+ICdib2R5JywKICAgICAgICAgICAgICAgICAgICAgICAgcG9ydGxldF90eXBlID0+\nICdjb21wb25lbnQnLAogICAgICAgICAgICAgICAgICAgICAgICBjb21wb25lbnQgICAgPT4gJ1F1\naWNrQ3JlYXRlJywKICAgICAgICAgICAgICAgICAgICAgICAgZGVzY3JpcHRpb24gID0+ICdRdWlj\na0NyZWF0ZScsCiAgICAgICAgICAgICAgICAgICAgICAgIHBhdGggICAgICAgICA9PiAnL0VsZW1l\nbnRzL1F1aWNrQ3JlYXRlJywKICAgICAgICAgICAgICAgICAgICB9LAogICAgICAgICAgICAgICAg\nXSwKICAgICAgICAgICAgICAgIHNpZGViYXIgPT4gWwogICAgICAgICAgICAgICAgICAgIHsgICBw\nYW5lICAgICAgICAgPT4gJ3NpZGViYXInLAogICAgICAgICAgICAgICAgICAgICAgICBwb3J0bGV0\nX3R5cGUgPT4gJ2NvbXBvbmVudCcsCiAgICAgICAgICAgICAgICAgICAgICAgIGNvbXBvbmVudCAg\nICA9PiAnTXlSZW1pbmRlcnMnLAogICAgICAgICAgICAgICAgICAgICAgICBkZXNjcmlwdGlvbiAg\nPT4gJ015UmVtaW5kZXJzJywKICAgICAgICAgICAgICAgICAgICAgICAgcGF0aCAgICAgICAgID0+\nICcvRWxlbWVudHMvTXlSZW1pbmRlcnMnLAogICAgICAgICAgICAgICAgICAgIH0sCiAgICAgICAg\nICAgICAgICAgICAgeyAgIHBhbmUgICAgICAgICA9PiAnc2lkZWJhcicsCiAgICAgICAgICAgICAg\nICAgICAgICAgIHBvcnRsZXRfdHlwZSA9PiAnY29tcG9uZW50JywKICAgICAgICAgICAgICAgICAg\nICAgICAgY29tcG9uZW50ICAgID0+ICdRdWV1ZUxpc3QnLAogICAgICAgICAgICAgICAgICAgICAg\nICBkZXNjcmlwdGlvbiAgPT4gJ1F1ZXVlTGlzdCcsCiAgICAgICAgICAgICAgICAgICAgICAgIHBh\ndGggICAgICAgICA9PiAnL0VsZW1lbnRzL1F1ZXVlTGlzdCcsCiAgICAgICAgICAgICAgICAgICAg\nfSwKICAgICAgICAgICAgICAgICAgICB7ICAgcGFuZSAgICAgICAgID0+ICdzaWRlYmFyJywKICAg\nICAgICAgICAgICAgICAgICAgICAgcG9ydGxldF90eXBlID0+ICdjb21wb25lbnQnLAogICAgICAg\nICAgICAgICAgICAgICAgICBjb21wb25lbnQgICAgPT4gJ0Rhc2hib2FyZHMnLAogICAgICAgICAg\nICAgICAgICAgICAgICBkZXNjcmlwdGlvbiAgPT4gJ0Rhc2hib2FyZHMnLAogICAgICAgICAgICAg\nICAgICAgICAgICBwYXRoICAgICAgICAgPT4gJy9FbGVtZW50cy9EYXNoYm9hcmRzJywKICAgICAg\nICAgICAgICAgICAgICB9LAogICAgICAgICAgICAgICAgICAgIHsgICBwYW5lICAgICAgICAgPT4g\nJ3NpZGViYXInLAogICAgICAgICAgICAgICAgICAgICAgICBwb3J0bGV0X3R5cGUgPT4gJ2NvbXBv\nbmVudCcsCiAgICAgICAgICAgICAgICAgICAgICAgIGNvbXBvbmVudCAgICA9PiAnUmVmcmVzaEhv\nbWVwYWdlJywKICAgICAgICAgICAgICAgICAgICAgICAgZGVzY3JpcHRpb24gID0+ICdSZWZyZXNo\nSG9tZXBhZ2UnLAogICAgICAgICAgICAgICAgICAgICAgICBwYXRoICAgICAgICAgPT4gJy9FbGVt\nZW50cy9SZWZyZXNoSG9tZXBhZ2UnLAogICAgICAgICAgICAgICAgICAgIH0sCiAgICAgICAgICAg\nICAgICBdCiAgICAgICAgICAgIH07CgogICAgICAgICAgICAjIGZpbGwgY29udGVudAogICAgICAg\nICAgICBteSAoICRyZXQsICRtc2cgKSA9ICRkYXNoYm9hcmQtPlVwZGF0ZSggUGFuZXMgPT4gJHBh\nbmVzICk7CiAgICAgICAgICAgIGlmICggISRyZXQgKSB7CiAgICAgICAgICAgICAgICBSVC0+TG9n\nZ2VyLT5lcnJvcigiQ291bGRuJ3QgdXBkYXRlIGNvbnRlbnQgZm9yIGRhc2hib2FyZCBIb21lcGFn\nZTogJG1zZyIpOwogICAgICAgICAgICB9CgogICAgICAgICAgICAoICRyZXQsICRtc2cgKSA9IFJU\nLT5TeXN0ZW0tPlNldEF0dHJpYnV0ZSgKICAgICAgICAgICAgICAgICdOYW1lJyAgICAgICAgPT4g\nJ0RlZmF1bHREYXNoYm9hcmQnLAogICAgICAgICAgICAgICAgJ0Rlc2NyaXB0aW9uJyA9PiAnRGVm\nYXVsdCBEYXNoYm9hcmQnLAogICAgICAgICAgICAgICAgJ0NvbnRlbnQnICAgICA9PiAkZGFzaGJv\nYXJkLT5JZCwKICAgICAgICAgICAgKTsKICAgICAgICAgICAgaWYgKCAhJHJldCApIHsKICAgICAg\nICAgICAgICAgIFJULT5Mb2dnZXItPmVycm9yKCJDb3VsZG4ndCBzZXQgRGVmYXVsdERhc2hib2Fy\nZDogJG1zZyIpOwogICAgICAgICAgICB9CiAgICAgICAgfQogICAgICAgIGVsc2UgewogICAgICAg\nICAgICBSVC0+TG9nZ2VyLT5lcnJvcigiQ291bGRuJ3QgY3JlYXRlIGRhc2hib2FyZCBIb21lcGFn\nZTogJG1zZyIpOwogICAgICAgIH0KICAgIH0sCik7CgAAAAdjb250ZW50Chgvb3B0L3J0NS9ldGMv\naW5pdGlhbGRhdGEAAAAIZmlsZW5hbWUKJGJmYzAzYjgwLTdiMTAtNDc5NS1hOTY1LTNjNTgzZDU1\nZDcwOQAAAAdmdWxsX2lkCiQ5ODRmYzU0YS01NTI0LTRkYmEtOTZiNS05ODVkZjNlNzQ2MDcAAAAN\naW5kaXZpZHVhbF9pZAoFNS4wLjUAAAAKcnRfdmVyc2lvbgoGYmVmb3JlAAAABXN0YWdlCWXCS8sA\nAAAJdGltZXN0YW1wBAMAAAAFCiQ5ODRmYzU0YS01NTI0LTRkYmEtOTZiNS05ODVkZjNlNzQ2MDcA\nAAANaW5kaXZpZHVhbF9pZAQCAAAAAgiBChNEb25lIGluc2VydGluZyBkYXRhAAAADHJldHVybl92\nYWx1ZQoFNS4wLjUAAAAKcnRfdmVyc2lvbgoFYWZ0ZXIAAAAFc3RhZ2UJZcJLzAAAAAl0aW1lc3Rh\nbXAAAAACUlQ=\n','storable','RT::System',1,1,'2024-02-06 15:10:03',1,'2024-02-06 15:10:04'),
(2,'QueueCacheNeedsUpdate',NULL,'1707232203','','RT::System',1,1,'2024-02-06 15:10:03',1,'2024-02-06 15:10:03'),
(3,'CatalogCacheNeedsUpdate',NULL,'1707232203','','RT::System',1,1,'2024-02-06 15:10:03',1,'2024-02-06 15:10:03'),
(4,'Search - My Tickets','[_1] highest priority tickets I own','BQsDAAAABArAJzxhIGhyZWY9Il9fV2ViUGF0aF9fL1RpY2tldC9EaXNwbGF5Lmh0bWw/aWQ9X19p\nZF9fIj5fX2lkX188L2E+L1RJVExFOiMnLCc8YSBocmVmPSJfX1dlYlBhdGhfXy9UaWNrZXQvRGlz\ncGxheS5odG1sP2lkPV9faWRfXyI+X19TdWJqZWN0X188L2E+L1RJVExFOlN1YmplY3QnLFByaW9y\naXR5LCBRdWV1ZU5hbWUsIEV4dGVuZGVkU3RhdHVzAAAABkZvcm1hdAoEREVTQwAAAAVPcmRlcgoI\nUHJpb3JpdHkAAAAHT3JkZXJCeQo0IE93bmVyID0gJ19fQ3VycmVudFVzZXJfXycgQU5EIFN0YXR1\ncyA9ICdfX0FjdGl2ZV9fJwAAAAVRdWVyeQ==\n','storable','RT::System',1,1,'2024-02-06 15:10:04',1,'2024-02-06 15:10:04'),
(5,'Search - Unowned Tickets','[_1] newest unowned tickets','BQsDAAAABAEAAAEnJzxhIGhyZWY9Il9fV2ViUGF0aF9fL1RpY2tldC9EaXNwbGF5Lmh0bWw/aWQ9\nX19pZF9fIj5fX2lkX188L2E+L1RJVExFOiMnLCc8YSBocmVmPSJfX1dlYlBhdGhfXy9UaWNrZXQv\nRGlzcGxheS5odG1sP2lkPV9faWRfXyI+X19TdWJqZWN0X188L2E+L1RJVExFOlN1YmplY3QnLFF1\nZXVlTmFtZSwgRXh0ZW5kZWRTdGF0dXMsIENyZWF0ZWRSZWxhdGl2ZSwgJzxBIEhSRUY9Il9fV2Vi\nUGF0aF9fL1RpY2tldC9EaXNwbGF5Lmh0bWw/QWN0aW9uPVRha2UmaWQ9X19pZF9fIj5fX2xvYyhU\nYWtlKV9fPC9hPi9USVRMRTpOQlNQJwAAAAZGb3JtYXQKBERFU0MAAAAFT3JkZXIKB0NyZWF0ZWQA\nAAAHT3JkZXJCeQorIE93bmVyID0gJ05vYm9keScgQU5EIFN0YXR1cyA9ICdfX0FjdGl2ZV9fJwAA\nAAVRdWVyeQ==\n','storable','RT::System',1,1,'2024-02-06 15:10:04',1,'2024-02-06 15:10:04'),
(6,'Search - Bookmarked Tickets','Bookmarked Tickets','BQsDAAAABArKJzxhIGhyZWY9Il9fV2ViUGF0aF9fL1RpY2tldC9EaXNwbGF5Lmh0bWw/aWQ9X19p\nZF9fIj5fX2lkX188L2E+L1RJVExFOiMnLCc8YSBocmVmPSJfX1dlYlBhdGhfXy9UaWNrZXQvRGlz\ncGxheS5odG1sP2lkPV9faWRfXyI+X19TdWJqZWN0X188L2E+L1RJVExFOlN1YmplY3QnLFByaW9y\naXR5LCBRdWV1ZU5hbWUsIEV4dGVuZGVkU3RhdHVzLCBCb29rbWFyawAAAAZGb3JtYXQKBERFU0MA\nAAAFT3JkZXIKC0xhc3RVcGRhdGVkAAAAB09yZGVyQnkKFWlkID0gJ19fQm9va21hcmtlZF9fJwAA\nAAVRdWVyeQ==\n','storable','RT::System',1,1,'2024-02-06 15:10:04',1,'2024-02-06 15:10:04'),
(7,'ReportsInMenu','Content of the Reports menu','BQsCAAAABAQDAAAAAwoPcmVzb2x2ZWRieW93bmVyAAAAAmlkCh0vUmVwb3J0cy9SZXNvbHZlZEJ5\nT3duZXIuaHRtbAAAAARwYXRoChFSZXNvbHZlZCBieSBvd25lcgAAAAV0aXRsZQQDAAAAAwoTcmVz\nb2x2ZWRpbmRhdGVyYW5nZQAAAAJpZAodL1JlcG9ydHMvUmVzb2x2ZWRCeURhdGVzLmh0bWwAAAAE\ncGF0aAoWUmVzb2x2ZWQgaW4gZGF0ZSByYW5nZQAAAAV0aXRsZQQDAAAAAwoSY3JlYXRlZGluZGF0\nZXJhbmdlAAAAAmlkChwvUmVwb3J0cy9DcmVhdGVkQnlEYXRlcy5odG1sAAAABHBhdGgKF0NyZWF0\nZWQgaW4gYSBkYXRlIHJhbmdlAAAABXRpdGxlBAMAAAADCgl1c2VyX3RpbWUAAAACaWQKHi9SZXBv\ncnRzL1RpbWVXb3JrZWRSZXBvcnQuaHRtbAAAAARwYXRoChBVc2VyIHRpbWUgd29ya2VkAAAABXRp\ndGxl\n','storable','RT::System',1,1,'2024-02-06 15:10:04',1,'2024-02-06 15:10:04'),
(8,'Skip-EscapeHTML',NULL,'1','','RT::Class',1,1,'2024-02-06 15:10:04',1,'2024-02-06 15:10:04'),
(9,'Dashboard','Homepage','BQsDAAAAAQQDAAAAAgQCAAAABAQDAAAABQoYU2F2ZWQgU2VhcmNoOiBNeSBUaWNrZXRzAAAAC2Rl\nc2NyaXB0aW9uCIQAAAACaWQKBGJvZHkAAAAEcGFuZQoGc2VhcmNoAAAADHBvcnRsZXRfdHlwZQoM\nUlQ6OlN5c3RlbS0xAAAAB3ByaXZhY3kEAwAAAAUKHVNhdmVkIFNlYXJjaDogVW5vd25lZCBUaWNr\nZXRzAAAAC2Rlc2NyaXB0aW9uCIUAAAACaWQKBGJvZHkAAAAEcGFuZQoGc2VhcmNoAAAADHBvcnRs\nZXRfdHlwZQoMUlQ6OlN5c3RlbS0xAAAAB3ByaXZhY3kEAwAAAAUKIFNhdmVkIFNlYXJjaDogQm9v\na21hcmtlZCBUaWNrZXRzAAAAC2Rlc2NyaXB0aW9uCIYAAAACaWQKBGJvZHkAAAAEcGFuZQoGc2Vh\ncmNoAAAADHBvcnRsZXRfdHlwZQoMUlQ6OlN5c3RlbS0xAAAAB3ByaXZhY3kEAwAAAAUKC1F1aWNr\nQ3JlYXRlAAAACWNvbXBvbmVudAoLUXVpY2tDcmVhdGUAAAALZGVzY3JpcHRpb24KBGJvZHkAAAAE\ncGFuZQoVL0VsZW1lbnRzL1F1aWNrQ3JlYXRlAAAABHBhdGgKCWNvbXBvbmVudAAAAAxwb3J0bGV0\nX3R5cGUAAAAEYm9keQQCAAAABAQDAAAABQoLTXlSZW1pbmRlcnMAAAAJY29tcG9uZW50CgtNeVJl\nbWluZGVycwAAAAtkZXNjcmlwdGlvbgoHc2lkZWJhcgAAAARwYW5lChUvRWxlbWVudHMvTXlSZW1p\nbmRlcnMAAAAEcGF0aAoJY29tcG9uZW50AAAADHBvcnRsZXRfdHlwZQQDAAAABQoJUXVldWVMaXN0\nAAAACWNvbXBvbmVudAoJUXVldWVMaXN0AAAAC2Rlc2NyaXB0aW9uCgdzaWRlYmFyAAAABHBhbmUK\nEy9FbGVtZW50cy9RdWV1ZUxpc3QAAAAEcGF0aAoJY29tcG9uZW50AAAADHBvcnRsZXRfdHlwZQQD\nAAAABQoKRGFzaGJvYXJkcwAAAAljb21wb25lbnQKCkRhc2hib2FyZHMAAAALZGVzY3JpcHRpb24K\nB3NpZGViYXIAAAAEcGFuZQoUL0VsZW1lbnRzL0Rhc2hib2FyZHMAAAAEcGF0aAoJY29tcG9uZW50\nAAAADHBvcnRsZXRfdHlwZQQDAAAABQoPUmVmcmVzaEhvbWVwYWdlAAAACWNvbXBvbmVudAoPUmVm\ncmVzaEhvbWVwYWdlAAAAC2Rlc2NyaXB0aW9uCgdzaWRlYmFyAAAABHBhbmUKGS9FbGVtZW50cy9S\nZWZyZXNoSG9tZXBhZ2UAAAAEcGF0aAoJY29tcG9uZW50AAAADHBvcnRsZXRfdHlwZQAAAAdzaWRl\nYmFyAAAABVBhbmVz\n','storable','RT::System',1,1,'2024-02-06 15:10:04',1,'2024-02-06 15:10:04'),
(10,'ContentHistory',NULL,'BQsDAAAAAQUAAAAFUGFuZXM=\n','storable','RT::Attribute',9,1,'2024-02-06 15:10:04',1,'2024-02-06 15:10:04'),
(11,'ContentHistory',NULL,'BQsDAAAAAQQDAAAAAgQCAAAABAQDAAAABQoYU2F2ZWQgU2VhcmNoOiBNeSBUaWNrZXRzAAAAC2Rl\nc2NyaXB0aW9uCIQAAAACaWQKBGJvZHkAAAAEcGFuZQoGc2VhcmNoAAAADHBvcnRsZXRfdHlwZQoM\nUlQ6OlN5c3RlbS0xAAAAB3ByaXZhY3kEAwAAAAUKHVNhdmVkIFNlYXJjaDogVW5vd25lZCBUaWNr\nZXRzAAAAC2Rlc2NyaXB0aW9uCIUAAAACaWQKBGJvZHkAAAAEcGFuZQoGc2VhcmNoAAAADHBvcnRs\nZXRfdHlwZQoMUlQ6OlN5c3RlbS0xAAAAB3ByaXZhY3kEAwAAAAUKIFNhdmVkIFNlYXJjaDogQm9v\na21hcmtlZCBUaWNrZXRzAAAAC2Rlc2NyaXB0aW9uCIYAAAACaWQKBGJvZHkAAAAEcGFuZQoGc2Vh\ncmNoAAAADHBvcnRsZXRfdHlwZQoMUlQ6OlN5c3RlbS0xAAAAB3ByaXZhY3kEAwAAAAUKC1F1aWNr\nQ3JlYXRlAAAACWNvbXBvbmVudAoLUXVpY2tDcmVhdGUAAAALZGVzY3JpcHRpb24KBGJvZHkAAAAE\ncGFuZQoVL0VsZW1lbnRzL1F1aWNrQ3JlYXRlAAAABHBhdGgKCWNvbXBvbmVudAAAAAxwb3J0bGV0\nX3R5cGUAAAAEYm9keQQCAAAABAQDAAAABQoLTXlSZW1pbmRlcnMAAAAJY29tcG9uZW50CgtNeVJl\nbWluZGVycwAAAAtkZXNjcmlwdGlvbgoHc2lkZWJhcgAAAARwYW5lChUvRWxlbWVudHMvTXlSZW1p\nbmRlcnMAAAAEcGF0aAoJY29tcG9uZW50AAAADHBvcnRsZXRfdHlwZQQDAAAABQoJUXVldWVMaXN0\nAAAACWNvbXBvbmVudAoJUXVldWVMaXN0AAAAC2Rlc2NyaXB0aW9uCgdzaWRlYmFyAAAABHBhbmUK\nEy9FbGVtZW50cy9RdWV1ZUxpc3QAAAAEcGF0aAoJY29tcG9uZW50AAAADHBvcnRsZXRfdHlwZQQD\nAAAABQoKRGFzaGJvYXJkcwAAAAljb21wb25lbnQKCkRhc2hib2FyZHMAAAALZGVzY3JpcHRpb24K\nB3NpZGViYXIAAAAEcGFuZQoUL0VsZW1lbnRzL0Rhc2hib2FyZHMAAAAEcGF0aAoJY29tcG9uZW50\nAAAADHBvcnRsZXRfdHlwZQQDAAAABQoPUmVmcmVzaEhvbWVwYWdlAAAACWNvbXBvbmVudAoPUmVm\ncmVzaEhvbWVwYWdlAAAAC2Rlc2NyaXB0aW9uCgdzaWRlYmFyAAAABHBhbmUKGS9FbGVtZW50cy9S\nZWZyZXNoSG9tZXBhZ2UAAAAEcGF0aAoJY29tcG9uZW50AAAADHBvcnRsZXRfdHlwZQAAAAdzaWRl\nYmFyAAAABVBhbmVz\n','storable','RT::Attribute',9,1,'2024-02-06 15:10:04',1,'2024-02-06 15:10:04'),
(12,'DefaultDashboard','Default Dashboard','9','','RT::System',1,1,'2024-02-06 15:10:04',1,'2024-02-06 15:10:04');
/*!40000 ALTER TABLE `Attributes` ENABLE KEYS */;
UNLOCK TABLES;

--
-- Table structure for table `AuthTokens`
--

DROP TABLE IF EXISTS `AuthTokens`;
/*!40101 SET @saved_cs_client     = @@character_set_client */;
/*!40101 SET character_set_client = utf8 */;
CREATE TABLE `AuthTokens` (
  `id` int(11) NOT NULL AUTO_INCREMENT,
  `Owner` int(11) NOT NULL DEFAULT 0,
  `Token` varchar(256) DEFAULT NULL,
  `Description` varchar(255) NOT NULL DEFAULT '',
  `LastUsed` datetime DEFAULT NULL,
  `Creator` int(11) NOT NULL DEFAULT 0,
  `Created` datetime DEFAULT NULL,
  `LastUpdatedBy` int(11) NOT NULL DEFAULT 0,
  `LastUpdated` datetime DEFAULT NULL,
  `Expires` datetime DEFAULT NULL,
  PRIMARY KEY (`id`),
  KEY `AuthTokensOwner` (`Owner`)
) ENGINE=InnoDB DEFAULT CHARSET=utf8mb4 COLLATE=utf8mb4_general_ci;
/*!40101 SET character_set_client = @saved_cs_client */;

--
-- Dumping data for table `AuthTokens`
--

LOCK TABLES `AuthTokens` WRITE;
/*!40000 ALTER TABLE `AuthTokens` DISABLE KEYS */;
/*!40000 ALTER TABLE `AuthTokens` ENABLE KEYS */;
UNLOCK TABLES;

--
-- Table structure for table `CachedGroupMembers`
--

DROP TABLE IF EXISTS `CachedGroupMembers`;
/*!40101 SET @saved_cs_client     = @@character_set_client */;
/*!40101 SET character_set_client = utf8 */;
CREATE TABLE `CachedGroupMembers` (
  `id` int(11) NOT NULL AUTO_INCREMENT,
  `GroupId` int(11) DEFAULT NULL,
  `MemberId` int(11) DEFAULT NULL,
  `Via` int(11) DEFAULT NULL,
  `ImmediateParentId` int(11) DEFAULT NULL,
  `Disabled` smallint(6) NOT NULL DEFAULT 0,
  PRIMARY KEY (`id`),
  KEY `DisGrouMem` (`GroupId`,`MemberId`,`Disabled`),
  KEY `CachedGroupMembers2` (`MemberId`,`GroupId`,`Disabled`),
  KEY `CachedGroupMembers3` (`MemberId`,`ImmediateParentId`)
) ENGINE=InnoDB AUTO_INCREMENT=35 DEFAULT CHARSET=utf8mb4 COLLATE=utf8mb4_general_ci;
/*!40101 SET character_set_client = @saved_cs_client */;

--
-- Dumping data for table `CachedGroupMembers`
--

LOCK TABLES `CachedGroupMembers` WRITE;
/*!40000 ALTER TABLE `CachedGroupMembers` DISABLE KEYS */;
INSERT INTO `CachedGroupMembers` VALUES
(1,2,2,1,2,0),
(2,2,1,2,2,0),
(3,3,3,3,3,0),
(4,4,4,4,4,0),
(5,5,5,5,5,0),
(6,7,7,6,7,0),
(7,7,6,7,7,0),
(8,3,6,8,3,0),
(9,5,6,9,5,0),
(10,8,8,10,8,0),
(11,8,6,11,8,0),
(12,9,9,12,9,0),
(13,10,10,13,10,0),
(14,11,11,14,11,0),
(15,12,12,15,12,0),
(16,13,13,16,13,0),
(17,15,15,17,15,0),
(18,15,14,18,15,0),
(19,3,14,19,3,0),
(20,4,14,20,4,0),
(21,16,16,21,16,0),
(22,17,17,22,17,0),
(23,18,18,23,18,0),
(24,18,6,24,18,0),
(25,19,19,25,19,0),
(26,20,20,26,20,0),
(27,21,21,27,21,0),
(28,22,22,28,22,0),
(29,22,6,29,22,0),
(30,23,23,30,23,0),
(31,24,24,31,24,0),
(32,24,6,32,24,0),
(33,25,25,33,25,0),
(34,26,26,34,26,0);
/*!40000 ALTER TABLE `CachedGroupMembers` ENABLE KEYS */;
UNLOCK TABLES;

--
-- Table structure for table `Catalogs`
--

DROP TABLE IF EXISTS `Catalogs`;
/*!40101 SET @saved_cs_client     = @@character_set_client */;
/*!40101 SET character_set_client = utf8 */;
CREATE TABLE `Catalogs` (
  `id` int(11) NOT NULL AUTO_INCREMENT,
  `Name` varchar(255) NOT NULL DEFAULT '',
  `Lifecycle` varchar(32) NOT NULL DEFAULT 'assets',
  `Description` varchar(255) NOT NULL DEFAULT '',
  `Disabled` smallint(6) NOT NULL DEFAULT 0,
  `Creator` int(11) NOT NULL DEFAULT 0,
  `Created` datetime DEFAULT NULL,
  `LastUpdatedBy` int(11) NOT NULL DEFAULT 0,
  `LastUpdated` datetime DEFAULT NULL,
  PRIMARY KEY (`id`),
  KEY `CatalogsName` (`Name`),
  KEY `CatalogsDisabled` (`Disabled`)
) ENGINE=InnoDB AUTO_INCREMENT=2 DEFAULT CHARSET=utf8mb4 COLLATE=utf8mb4_general_ci;
/*!40101 SET character_set_client = @saved_cs_client */;

--
-- Dumping data for table `Catalogs`
--

LOCK TABLES `Catalogs` WRITE;
/*!40000 ALTER TABLE `Catalogs` DISABLE KEYS */;
INSERT INTO `Catalogs` VALUES
(1,'General assets','assets','The default catalog',0,1,'2024-02-06 15:10:03',1,'2024-02-06 15:10:03');
/*!40000 ALTER TABLE `Catalogs` ENABLE KEYS */;
UNLOCK TABLES;

--
-- Table structure for table `Classes`
--

DROP TABLE IF EXISTS `Classes`;
/*!40101 SET @saved_cs_client     = @@character_set_client */;
/*!40101 SET character_set_client = utf8 */;
CREATE TABLE `Classes` (
  `id` int(11) NOT NULL AUTO_INCREMENT,
  `Name` varchar(255) NOT NULL DEFAULT '',
  `Description` varchar(255) NOT NULL DEFAULT '',
  `SortOrder` int(11) NOT NULL DEFAULT 0,
  `Disabled` int(2) NOT NULL DEFAULT 0,
  `Creator` int(11) NOT NULL DEFAULT 0,
  `Created` datetime DEFAULT NULL,
  `LastUpdatedBy` int(11) NOT NULL DEFAULT 0,
  `LastUpdated` datetime DEFAULT NULL,
  PRIMARY KEY (`id`)
) ENGINE=InnoDB AUTO_INCREMENT=2 DEFAULT CHARSET=utf8mb4 COLLATE=utf8mb4_general_ci;
/*!40101 SET character_set_client = @saved_cs_client */;

--
-- Dumping data for table `Classes`
--

LOCK TABLES `Classes` WRITE;
/*!40000 ALTER TABLE `Classes` DISABLE KEYS */;
INSERT INTO `Classes` VALUES
(1,'General','The default class',0,0,1,'2024-02-06 15:10:03',1,'2024-02-06 15:10:03');
/*!40000 ALTER TABLE `Classes` ENABLE KEYS */;
UNLOCK TABLES;

--
-- Table structure for table `Configurations`
--

DROP TABLE IF EXISTS `Configurations`;
/*!40101 SET @saved_cs_client     = @@character_set_client */;
/*!40101 SET character_set_client = utf8 */;
CREATE TABLE `Configurations` (
  `id` int(11) NOT NULL AUTO_INCREMENT,
  `Name` varchar(255) NOT NULL,
  `Content` longblob DEFAULT NULL,
  `ContentType` varchar(80) CHARACTER SET ascii COLLATE ascii_general_ci DEFAULT NULL,
  `Disabled` smallint(6) NOT NULL DEFAULT 0,
  `Creator` int(11) NOT NULL DEFAULT 0,
  `Created` datetime DEFAULT NULL,
  `LastUpdatedBy` int(11) NOT NULL DEFAULT 0,
  `LastUpdated` datetime DEFAULT NULL,
  PRIMARY KEY (`id`),
  KEY `Configurations1` (`Name`,`Disabled`),
  KEY `Configurations2` (`Disabled`)
) ENGINE=InnoDB DEFAULT CHARSET=utf8mb4 COLLATE=utf8mb4_general_ci;
/*!40101 SET character_set_client = @saved_cs_client */;

--
-- Dumping data for table `Configurations`
--

LOCK TABLES `Configurations` WRITE;
/*!40000 ALTER TABLE `Configurations` DISABLE KEYS */;
/*!40000 ALTER TABLE `Configurations` ENABLE KEYS */;
UNLOCK TABLES;

--
-- Table structure for table `CustomFieldValues`
--

DROP TABLE IF EXISTS `CustomFieldValues`;
/*!40101 SET @saved_cs_client     = @@character_set_client */;
/*!40101 SET character_set_client = utf8 */;
CREATE TABLE `CustomFieldValues` (
  `id` int(11) NOT NULL AUTO_INCREMENT,
  `CustomField` int(11) NOT NULL,
  `Name` varchar(200) DEFAULT NULL,
  `Description` varchar(255) DEFAULT NULL,
  `SortOrder` int(11) NOT NULL DEFAULT 0,
  `Category` varchar(255) DEFAULT NULL,
  `Creator` int(11) NOT NULL DEFAULT 0,
  `Created` datetime DEFAULT NULL,
  `LastUpdatedBy` int(11) NOT NULL DEFAULT 0,
  `LastUpdated` datetime DEFAULT NULL,
  PRIMARY KEY (`id`),
  KEY `CustomFieldValues1` (`CustomField`)
) ENGINE=InnoDB DEFAULT CHARSET=utf8mb4 COLLATE=utf8mb4_general_ci;
/*!40101 SET character_set_client = @saved_cs_client */;

--
-- Dumping data for table `CustomFieldValues`
--

LOCK TABLES `CustomFieldValues` WRITE;
/*!40000 ALTER TABLE `CustomFieldValues` DISABLE KEYS */;
/*!40000 ALTER TABLE `CustomFieldValues` ENABLE KEYS */;
UNLOCK TABLES;

--
-- Table structure for table `CustomFields`
--

DROP TABLE IF EXISTS `CustomFields`;
/*!40101 SET @saved_cs_client     = @@character_set_client */;
/*!40101 SET character_set_client = utf8 */;
CREATE TABLE `CustomFields` (
  `id` int(11) NOT NULL AUTO_INCREMENT,
  `Name` varchar(200) DEFAULT NULL,
  `Type` varchar(200) CHARACTER SET ascii COLLATE ascii_general_ci DEFAULT NULL,
  `RenderType` varchar(64) CHARACTER SET ascii COLLATE ascii_general_ci DEFAULT NULL,
  `MaxValues` int(11) DEFAULT NULL,
  `Pattern` text DEFAULT NULL,
  `BasedOn` int(11) DEFAULT NULL,
  `ValuesClass` varchar(64) CHARACTER SET ascii COLLATE ascii_general_ci DEFAULT NULL,
  `Description` varchar(255) DEFAULT NULL,
  `SortOrder` int(11) NOT NULL DEFAULT 0,
  `LookupType` varchar(255) CHARACTER SET ascii COLLATE ascii_general_ci NOT NULL,
  `EntryHint` varchar(255) DEFAULT NULL,
  `ValidationHint` varchar(255) DEFAULT NULL,
  `UniqueValues` smallint(6) NOT NULL DEFAULT 0,
  `CanonicalizeClass` varchar(64) CHARACTER SET ascii COLLATE ascii_general_ci DEFAULT NULL,
  `Creator` int(11) NOT NULL DEFAULT 0,
  `Created` datetime DEFAULT NULL,
  `LastUpdatedBy` int(11) NOT NULL DEFAULT 0,
  `LastUpdated` datetime DEFAULT NULL,
  `Disabled` smallint(6) NOT NULL DEFAULT 0,
  PRIMARY KEY (`id`)
) ENGINE=InnoDB AUTO_INCREMENT=2 DEFAULT CHARSET=utf8mb4 COLLATE=utf8mb4_general_ci;
/*!40101 SET character_set_client = @saved_cs_client */;

--
-- Dumping data for table `CustomFields`
--

LOCK TABLES `CustomFields` WRITE;
/*!40000 ALTER TABLE `CustomFields` DISABLE KEYS */;
INSERT INTO `CustomFields` VALUES
(1,'Content','HTML',NULL,1,'',NULL,NULL,'Content',0,'RT::Class-RT::Article','Fill in one HTML area',NULL,0,NULL,1,'2024-02-06 15:10:03',1,'2024-02-06 15:10:03',0);
/*!40000 ALTER TABLE `CustomFields` ENABLE KEYS */;
UNLOCK TABLES;

--
-- Table structure for table `CustomRoles`
--

DROP TABLE IF EXISTS `CustomRoles`;
/*!40101 SET @saved_cs_client     = @@character_set_client */;
/*!40101 SET character_set_client = utf8 */;
CREATE TABLE `CustomRoles` (
  `id` int(11) NOT NULL AUTO_INCREMENT,
  `Name` varchar(200) DEFAULT NULL,
  `Description` varchar(255) DEFAULT NULL,
  `MaxValues` int(11) DEFAULT NULL,
  `EntryHint` varchar(255) DEFAULT NULL,
  `LookupType` varchar(255) CHARACTER SET ascii COLLATE ascii_general_ci NOT NULL,
  `Creator` int(11) NOT NULL DEFAULT 0,
  `Created` datetime DEFAULT NULL,
  `LastUpdatedBy` int(11) NOT NULL DEFAULT 0,
  `LastUpdated` datetime DEFAULT NULL,
  `Disabled` smallint(6) NOT NULL DEFAULT 0,
  PRIMARY KEY (`id`)
) ENGINE=InnoDB DEFAULT CHARSET=utf8mb4 COLLATE=utf8mb4_general_ci;
/*!40101 SET character_set_client = @saved_cs_client */;

--
-- Dumping data for table `CustomRoles`
--

LOCK TABLES `CustomRoles` WRITE;
/*!40000 ALTER TABLE `CustomRoles` DISABLE KEYS */;
/*!40000 ALTER TABLE `CustomRoles` ENABLE KEYS */;
UNLOCK TABLES;

--
-- Table structure for table `GroupMembers`
--

DROP TABLE IF EXISTS `GroupMembers`;
/*!40101 SET @saved_cs_client     = @@character_set_client */;
/*!40101 SET character_set_client = utf8 */;
CREATE TABLE `GroupMembers` (
  `id` int(11) NOT NULL AUTO_INCREMENT,
  `GroupId` int(11) NOT NULL DEFAULT 0,
  `MemberId` int(11) NOT NULL DEFAULT 0,
  `Creator` int(11) NOT NULL DEFAULT 0,
  `Created` datetime DEFAULT NULL,
  `LastUpdatedBy` int(11) NOT NULL DEFAULT 0,
  `LastUpdated` datetime DEFAULT NULL,
  PRIMARY KEY (`id`),
  UNIQUE KEY `GroupMembers1` (`GroupId`,`MemberId`)
) ENGINE=InnoDB AUTO_INCREMENT=12 DEFAULT CHARSET=utf8mb4 COLLATE=utf8mb4_general_ci;
/*!40101 SET character_set_client = @saved_cs_client */;

--
-- Dumping data for table `GroupMembers`
--

LOCK TABLES `GroupMembers` WRITE;
/*!40000 ALTER TABLE `GroupMembers` DISABLE KEYS */;
INSERT INTO `GroupMembers` VALUES
(1,2,1,0,'2024-02-06 15:10:02',0,'2024-02-06 15:10:02'),
(2,7,6,1,'2024-02-06 15:10:02',1,'2024-02-06 15:10:02'),
(3,3,6,1,'2024-02-06 15:10:02',1,'2024-02-06 15:10:02'),
(4,5,6,1,'2024-02-06 15:10:02',1,'2024-02-06 15:10:02'),
(5,8,6,1,'2024-02-06 15:10:02',1,'2024-02-06 15:10:02'),
(6,15,14,1,'2024-02-06 15:10:03',1,'2024-02-06 15:10:03'),
(7,3,14,1,'2024-02-06 15:10:03',1,'2024-02-06 15:10:03'),
(8,4,14,1,'2024-02-06 15:10:03',1,'2024-02-06 15:10:03'),
(9,18,6,1,'2024-02-06 15:10:03',1,'2024-02-06 15:10:03'),
(10,22,6,1,'2024-02-06 15:10:03',1,'2024-02-06 15:10:03'),
(11,24,6,1,'2024-02-06 15:10:03',1,'2024-02-06 15:10:03');
/*!40000 ALTER TABLE `GroupMembers` ENABLE KEYS */;
UNLOCK TABLES;

--
-- Table structure for table `Groups`
--

DROP TABLE IF EXISTS `Groups`;
/*!40101 SET @saved_cs_client     = @@character_set_client */;
/*!40101 SET character_set_client = utf8 */;
CREATE TABLE `Groups` (
  `id` int(11) NOT NULL AUTO_INCREMENT,
  `Name` varchar(200) DEFAULT NULL,
  `Description` varchar(255) DEFAULT NULL,
  `Domain` varchar(64) CHARACTER SET ascii COLLATE ascii_general_ci DEFAULT NULL,
  `Instance` int(11) DEFAULT NULL,
  `Creator` int(11) NOT NULL DEFAULT 0,
  `Created` datetime DEFAULT NULL,
  `LastUpdatedBy` int(11) NOT NULL DEFAULT 0,
  `LastUpdated` datetime DEFAULT NULL,
  PRIMARY KEY (`id`),
  KEY `Groups1` (`Domain`,`Name`,`Instance`),
  KEY `Groups2` (`Instance`)
) ENGINE=InnoDB AUTO_INCREMENT=27 DEFAULT CHARSET=utf8mb4 COLLATE=utf8mb4_general_ci;
/*!40101 SET character_set_client = @saved_cs_client */;

--
-- Dumping data for table `Groups`
--

LOCK TABLES `Groups` WRITE;
/*!40000 ALTER TABLE `Groups` DISABLE KEYS */;
INSERT INTO `Groups` VALUES
(2,'UserEquiv','ACL equiv. for user 1','ACLEquivalence',1,0,'2024-02-06 15:10:02',0,'2024-02-06 15:10:02'),
(3,'Everyone','Pseudogroup for internal use','SystemInternal',0,1,'2024-02-06 15:10:02',1,'2024-02-06 15:10:02'),
(4,'Privileged','Pseudogroup for internal use','SystemInternal',0,1,'2024-02-06 15:10:02',1,'2024-02-06 15:10:02'),
(5,'Unprivileged','Pseudogroup for internal use','SystemInternal',0,1,'2024-02-06 15:10:02',1,'2024-02-06 15:10:02'),
(7,'UserEquiv','ACL equiv. for user 6','ACLEquivalence',6,1,'2024-02-06 15:10:02',1,'2024-02-06 15:10:02'),
(8,'Owner',NULL,'RT::System-Role',1,1,'2024-02-06 15:10:02',1,'2024-02-06 15:10:02'),
(9,'Requestor',NULL,'RT::System-Role',1,1,'2024-02-06 15:10:02',1,'2024-02-06 15:10:02'),
(10,'Cc',NULL,'RT::System-Role',1,1,'2024-02-06 15:10:02',1,'2024-02-06 15:10:02'),
(11,'AdminCc',NULL,'RT::System-Role',1,1,'2024-02-06 15:10:02',1,'2024-02-06 15:10:02'),
(12,'HeldBy',NULL,'RT::System-Role',1,1,'2024-02-06 15:10:02',1,'2024-02-06 15:10:02'),
(13,'Contact',NULL,'RT::System-Role',1,1,'2024-02-06 15:10:02',1,'2024-02-06 15:10:02'),
(15,'UserEquiv','ACL equiv. for user 14','ACLEquivalence',14,1,'2024-02-06 15:10:03',1,'2024-02-06 15:10:03'),
(16,'AdminCc',NULL,'RT::Queue-Role',1,1,'2024-02-06 15:10:03',1,'2024-02-06 15:10:03'),
(17,'Cc',NULL,'RT::Queue-Role',1,1,'2024-02-06 15:10:03',1,'2024-02-06 15:10:03'),
(18,'Owner',NULL,'RT::Queue-Role',1,1,'2024-02-06 15:10:03',1,'2024-02-06 15:10:03'),
(19,'Requestor',NULL,'RT::Queue-Role',1,1,'2024-02-06 15:10:03',1,'2024-02-06 15:10:03'),
(20,'AdminCc',NULL,'RT::Queue-Role',2,1,'2024-02-06 15:10:03',1,'2024-02-06 15:10:03'),
(21,'Cc',NULL,'RT::Queue-Role',2,1,'2024-02-06 15:10:03',1,'2024-02-06 15:10:03'),
(22,'Owner',NULL,'RT::Queue-Role',2,1,'2024-02-06 15:10:03',1,'2024-02-06 15:10:03'),
(23,'Requestor',NULL,'RT::Queue-Role',2,1,'2024-02-06 15:10:03',1,'2024-02-06 15:10:03'),
(24,'Owner',NULL,'RT::Catalog-Role',1,1,'2024-02-06 15:10:03',1,'2024-02-06 15:10:03'),
(25,'HeldBy',NULL,'RT::Catalog-Role',1,1,'2024-02-06 15:10:03',1,'2024-02-06 15:10:03'),
(26,'Contact',NULL,'RT::Catalog-Role',1,1,'2024-02-06 15:10:03',1,'2024-02-06 15:10:03');
/*!40000 ALTER TABLE `Groups` ENABLE KEYS */;
UNLOCK TABLES;

--
-- Table structure for table `Links`
--

DROP TABLE IF EXISTS `Links`;
/*!40101 SET @saved_cs_client     = @@character_set_client */;
/*!40101 SET character_set_client = utf8 */;
CREATE TABLE `Links` (
  `id` int(11) NOT NULL AUTO_INCREMENT,
  `Base` varchar(240) DEFAULT NULL,
  `Target` varchar(240) DEFAULT NULL,
  `Type` varchar(20) CHARACTER SET ascii COLLATE ascii_general_ci NOT NULL,
  `LocalTarget` int(11) NOT NULL DEFAULT 0,
  `LocalBase` int(11) NOT NULL DEFAULT 0,
  `LastUpdatedBy` int(11) NOT NULL DEFAULT 0,
  `LastUpdated` datetime DEFAULT NULL,
  `Creator` int(11) NOT NULL DEFAULT 0,
  `Created` datetime DEFAULT NULL,
  PRIMARY KEY (`id`),
  KEY `Links1` (`Base`),
  KEY `Links2` (`Target`),
  KEY `Links3` (`LocalBase`),
  KEY `Links4` (`LocalTarget`),
  KEY `Links5` (`Type`)
) ENGINE=InnoDB AUTO_INCREMENT=5 DEFAULT CHARSET=utf8mb4 COLLATE=utf8mb4_general_ci;
/*!40101 SET character_set_client = @saved_cs_client */;

--
-- Dumping data for table `Links`
--

LOCK TABLES `Links` WRITE;
/*!40000 ALTER TABLE `Links` DISABLE KEYS */;
INSERT INTO `Links` VALUES
(1,'attribute://example.com/9','attribute://example.com/6','DependsOn',0,0,1,'2024-02-06 15:10:04',1,'2024-02-06 15:10:04'),
(2,'attribute://example.com/9','attribute://example.com/4','DependsOn',0,0,1,'2024-02-06 15:10:04',1,'2024-02-06 15:10:04'),
(3,'attribute://example.com/9','attribute://example.com/5','DependsOn',0,0,1,'2024-02-06 15:10:04',1,'2024-02-06 15:10:04'),
(4,'attribute://example.com/12','attribute://example.com/9','DependsOn',0,0,1,'2024-02-06 15:10:04',1,'2024-02-06 15:10:04');
/*!40000 ALTER TABLE `Links` ENABLE KEYS */;
UNLOCK TABLES;

--
-- Table structure for table `ObjectClasses`
--

DROP TABLE IF EXISTS `ObjectClasses`;
/*!40101 SET @saved_cs_client     = @@character_set_client */;
/*!40101 SET character_set_client = utf8 */;
CREATE TABLE `ObjectClasses` (
  `id` int(11) NOT NULL AUTO_INCREMENT,
  `Class` int(11) NOT NULL DEFAULT 0,
  `ObjectType` varchar(255) CHARACTER SET ascii COLLATE ascii_general_ci NOT NULL DEFAULT '',
  `ObjectId` int(11) NOT NULL DEFAULT 0,
  `Creator` int(11) NOT NULL DEFAULT 0,
  `Created` datetime DEFAULT NULL,
  `LastUpdatedBy` int(11) NOT NULL DEFAULT 0,
  `LastUpdated` datetime DEFAULT NULL,
  PRIMARY KEY (`id`)
) ENGINE=InnoDB AUTO_INCREMENT=2 DEFAULT CHARSET=utf8mb4 COLLATE=utf8mb4_general_ci;
/*!40101 SET character_set_client = @saved_cs_client */;

--
-- Dumping data for table `ObjectClasses`
--

LOCK TABLES `ObjectClasses` WRITE;
/*!40000 ALTER TABLE `ObjectClasses` DISABLE KEYS */;
INSERT INTO `ObjectClasses` VALUES
(1,1,'RT::System',0,1,'2024-02-06 15:10:03',1,'2024-02-06 15:10:03');
/*!40000 ALTER TABLE `ObjectClasses` ENABLE KEYS */;
UNLOCK TABLES;

--
-- Table structure for table `ObjectCustomFieldValues`
--

DROP TABLE IF EXISTS `ObjectCustomFieldValues`;
/*!40101 SET @saved_cs_client     = @@character_set_client */;
/*!40101 SET character_set_client = utf8 */;
CREATE TABLE `ObjectCustomFieldValues` (
  `id` int(11) NOT NULL AUTO_INCREMENT,
  `CustomField` int(11) NOT NULL,
  `ObjectType` varchar(255) CHARACTER SET ascii COLLATE ascii_general_ci NOT NULL,
  `ObjectId` bigint(20) NOT NULL,
  `SortOrder` int(11) NOT NULL DEFAULT 0,
  `Content` varchar(255) DEFAULT NULL,
  `LargeContent` longblob DEFAULT NULL,
  `ContentType` varchar(80) CHARACTER SET ascii COLLATE ascii_general_ci DEFAULT NULL,
  `ContentEncoding` varchar(80) CHARACTER SET ascii COLLATE ascii_general_ci DEFAULT NULL,
  `Creator` int(11) NOT NULL DEFAULT 0,
  `Created` datetime DEFAULT NULL,
  `LastUpdatedBy` int(11) NOT NULL DEFAULT 0,
  `LastUpdated` datetime DEFAULT NULL,
  `Disabled` smallint(6) NOT NULL DEFAULT 0,
  PRIMARY KEY (`id`),
  KEY `ObjectCustomFieldValues1` (`Content`),
  KEY `ObjectCustomFieldValues2` (`CustomField`,`ObjectType`,`ObjectId`),
  KEY `ObjectCustomFieldValues3` (`SortOrder`)
) ENGINE=InnoDB DEFAULT CHARSET=utf8mb4 COLLATE=utf8mb4_general_ci;
/*!40101 SET character_set_client = @saved_cs_client */;

--
-- Dumping data for table `ObjectCustomFieldValues`
--

LOCK TABLES `ObjectCustomFieldValues` WRITE;
/*!40000 ALTER TABLE `ObjectCustomFieldValues` DISABLE KEYS */;
/*!40000 ALTER TABLE `ObjectCustomFieldValues` ENABLE KEYS */;
UNLOCK TABLES;

--
-- Table structure for table `ObjectCustomFields`
--

DROP TABLE IF EXISTS `ObjectCustomFields`;
/*!40101 SET @saved_cs_client     = @@character_set_client */;
/*!40101 SET character_set_client = utf8 */;
CREATE TABLE `ObjectCustomFields` (
  `id` int(11) NOT NULL AUTO_INCREMENT,
  `CustomField` int(11) NOT NULL,
  `ObjectId` int(11) NOT NULL,
  `SortOrder` int(11) NOT NULL DEFAULT 0,
  `Creator` int(11) NOT NULL DEFAULT 0,
  `Created` datetime DEFAULT NULL,
  `LastUpdatedBy` int(11) NOT NULL DEFAULT 0,
  `LastUpdated` datetime DEFAULT NULL,
  PRIMARY KEY (`id`),
  KEY `ObjectCustomFields1` (`ObjectId`)
) ENGINE=InnoDB AUTO_INCREMENT=2 DEFAULT CHARSET=utf8mb4 COLLATE=utf8mb4_general_ci;
/*!40101 SET character_set_client = @saved_cs_client */;

--
-- Dumping data for table `ObjectCustomFields`
--

LOCK TABLES `ObjectCustomFields` WRITE;
/*!40000 ALTER TABLE `ObjectCustomFields` DISABLE KEYS */;
INSERT INTO `ObjectCustomFields` VALUES
(1,1,0,0,1,'2024-02-06 15:10:03',1,'2024-02-06 15:10:03');
/*!40000 ALTER TABLE `ObjectCustomFields` ENABLE KEYS */;
UNLOCK TABLES;

--
-- Table structure for table `ObjectCustomRoles`
--

DROP TABLE IF EXISTS `ObjectCustomRoles`;
/*!40101 SET @saved_cs_client     = @@character_set_client */;
/*!40101 SET character_set_client = utf8 */;
CREATE TABLE `ObjectCustomRoles` (
  `id` int(11) NOT NULL AUTO_INCREMENT,
  `CustomRole` int(11) NOT NULL,
  `ObjectId` int(11) NOT NULL,
  `SortOrder` int(11) NOT NULL DEFAULT 0,
  `Creator` int(11) NOT NULL DEFAULT 0,
  `Created` datetime DEFAULT NULL,
  `LastUpdatedBy` int(11) NOT NULL DEFAULT 0,
  `LastUpdated` datetime DEFAULT NULL,
  PRIMARY KEY (`id`),
  UNIQUE KEY `ObjectCustomRoles1` (`ObjectId`,`CustomRole`)
) ENGINE=InnoDB DEFAULT CHARSET=utf8mb4 COLLATE=utf8mb4_general_ci;
/*!40101 SET character_set_client = @saved_cs_client */;

--
-- Dumping data for table `ObjectCustomRoles`
--

LOCK TABLES `ObjectCustomRoles` WRITE;
/*!40000 ALTER TABLE `ObjectCustomRoles` DISABLE KEYS */;
/*!40000 ALTER TABLE `ObjectCustomRoles` ENABLE KEYS */;
UNLOCK TABLES;

--
-- Table structure for table `ObjectScrips`
--

DROP TABLE IF EXISTS `ObjectScrips`;
/*!40101 SET @saved_cs_client     = @@character_set_client */;
/*!40101 SET character_set_client = utf8 */;
CREATE TABLE `ObjectScrips` (
  `id` int(11) NOT NULL AUTO_INCREMENT,
  `Scrip` int(11) NOT NULL,
  `Stage` varchar(32) CHARACTER SET ascii COLLATE ascii_general_ci NOT NULL DEFAULT 'TransactionCreate',
  `ObjectId` int(11) NOT NULL,
  `SortOrder` int(11) NOT NULL DEFAULT 0,
  `Creator` int(11) NOT NULL DEFAULT 0,
  `Created` datetime DEFAULT NULL,
  `LastUpdatedBy` int(11) NOT NULL DEFAULT 0,
  `LastUpdated` datetime DEFAULT NULL,
  PRIMARY KEY (`id`),
  UNIQUE KEY `ObjectScrips1` (`ObjectId`,`Scrip`)
) ENGINE=InnoDB AUTO_INCREMENT=18 DEFAULT CHARSET=utf8mb4 COLLATE=utf8mb4_general_ci;
/*!40101 SET character_set_client = @saved_cs_client */;

--
-- Dumping data for table `ObjectScrips`
--

LOCK TABLES `ObjectScrips` WRITE;
/*!40000 ALTER TABLE `ObjectScrips` DISABLE KEYS */;
INSERT INTO `ObjectScrips` VALUES
(1,1,'TransactionCreate',0,0,1,'2024-02-06 15:10:04',1,'2024-02-06 15:10:04'),
(2,2,'TransactionCreate',0,1,1,'2024-02-06 15:10:04',1,'2024-02-06 15:10:04'),
(3,3,'TransactionCreate',0,2,1,'2024-02-06 15:10:04',1,'2024-02-06 15:10:04'),
(4,4,'TransactionCreate',0,3,1,'2024-02-06 15:10:04',1,'2024-02-06 15:10:04'),
(5,5,'TransactionCreate',0,4,1,'2024-02-06 15:10:04',1,'2024-02-06 15:10:04'),
(6,6,'TransactionCreate',0,5,1,'2024-02-06 15:10:04',1,'2024-02-06 15:10:04'),
(7,7,'TransactionCreate',0,6,1,'2024-02-06 15:10:04',1,'2024-02-06 15:10:04'),
(8,8,'TransactionCreate',0,7,1,'2024-02-06 15:10:04',1,'2024-02-06 15:10:04'),
(9,9,'TransactionCreate',0,8,1,'2024-02-06 15:10:04',1,'2024-02-06 15:10:04'),
(10,10,'TransactionCreate',0,9,1,'2024-02-06 15:10:04',1,'2024-02-06 15:10:04'),
(11,11,'TransactionCreate',0,10,1,'2024-02-06 15:10:04',1,'2024-02-06 15:10:04'),
(12,12,'TransactionCreate',0,11,1,'2024-02-06 15:10:04',1,'2024-02-06 15:10:04'),
(13,13,'TransactionCreate',0,12,1,'2024-02-06 15:10:04',1,'2024-02-06 15:10:04'),
(14,14,'TransactionCreate',0,13,1,'2024-02-06 15:10:04',1,'2024-02-06 15:10:04'),
(15,15,'TransactionCreate',0,14,1,'2024-02-06 15:10:04',1,'2024-02-06 15:10:04'),
(16,16,'TransactionCreate',0,15,1,'2024-02-06 15:10:04',1,'2024-02-06 15:10:04'),
(17,17,'TransactionCreate',0,16,1,'2024-02-06 15:10:04',1,'2024-02-06 15:10:04');
/*!40000 ALTER TABLE `ObjectScrips` ENABLE KEYS */;
UNLOCK TABLES;

--
-- Table structure for table `ObjectTopics`
--

DROP TABLE IF EXISTS `ObjectTopics`;
/*!40101 SET @saved_cs_client     = @@character_set_client */;
/*!40101 SET character_set_client = utf8 */;
CREATE TABLE `ObjectTopics` (
  `id` int(11) NOT NULL AUTO_INCREMENT,
  `Topic` int(11) NOT NULL DEFAULT 0,
  `ObjectType` varchar(64) CHARACTER SET ascii COLLATE ascii_general_ci NOT NULL DEFAULT '',
  `ObjectId` int(11) NOT NULL DEFAULT 0,
  PRIMARY KEY (`id`)
) ENGINE=InnoDB DEFAULT CHARSET=utf8mb4 COLLATE=utf8mb4_general_ci;
/*!40101 SET character_set_client = @saved_cs_client */;

--
-- Dumping data for table `ObjectTopics`
--

LOCK TABLES `ObjectTopics` WRITE;
/*!40000 ALTER TABLE `ObjectTopics` DISABLE KEYS */;
/*!40000 ALTER TABLE `ObjectTopics` ENABLE KEYS */;
UNLOCK TABLES;

--
-- Table structure for table `Principals`
--

DROP TABLE IF EXISTS `Principals`;
/*!40101 SET @saved_cs_client     = @@character_set_client */;
/*!40101 SET character_set_client = utf8 */;
CREATE TABLE `Principals` (
  `id` int(11) NOT NULL AUTO_INCREMENT,
  `PrincipalType` varchar(16) NOT NULL,
  `Disabled` smallint(6) NOT NULL DEFAULT 0,
  PRIMARY KEY (`id`)
) ENGINE=InnoDB AUTO_INCREMENT=27 DEFAULT CHARSET=utf8mb4 COLLATE=utf8mb4_general_ci;
/*!40101 SET character_set_client = @saved_cs_client */;

--
-- Dumping data for table `Principals`
--

LOCK TABLES `Principals` WRITE;
/*!40000 ALTER TABLE `Principals` DISABLE KEYS */;
INSERT INTO `Principals` VALUES
(1,'User',0),
(2,'Group',0),
(3,'Group',0),
(4,'Group',0),
(5,'Group',0),
(6,'User',0),
(7,'Group',0),
(8,'Group',0),
(9,'Group',0),
(10,'Group',0),
(11,'Group',0),
(12,'Group',0),
(13,'Group',0),
(14,'User',0),
(15,'Group',0),
(16,'Group',0),
(17,'Group',0),
(18,'Group',0),
(19,'Group',0),
(20,'Group',0),
(21,'Group',0),
(22,'Group',0),
(23,'Group',0),
(24,'Group',0),
(25,'Group',0),
(26,'Group',0);
/*!40000 ALTER TABLE `Principals` ENABLE KEYS */;
UNLOCK TABLES;

--
-- Table structure for table `Queues`
--

DROP TABLE IF EXISTS `Queues`;
/*!40101 SET @saved_cs_client     = @@character_set_client */;
/*!40101 SET character_set_client = utf8 */;
CREATE TABLE `Queues` (
  `id` int(11) NOT NULL AUTO_INCREMENT,
  `Name` varchar(200) NOT NULL,
  `Description` varchar(255) DEFAULT NULL,
  `CorrespondAddress` varchar(120) DEFAULT NULL,
  `CommentAddress` varchar(120) DEFAULT NULL,
  `Lifecycle` varchar(32) DEFAULT NULL,
  `SubjectTag` varchar(120) DEFAULT NULL,
  `SortOrder` int(11) NOT NULL DEFAULT 0,
  `Creator` int(11) NOT NULL DEFAULT 0,
  `Created` datetime DEFAULT NULL,
  `LastUpdatedBy` int(11) NOT NULL DEFAULT 0,
  `LastUpdated` datetime DEFAULT NULL,
  `SLADisabled` smallint(6) NOT NULL DEFAULT 1,
  `Disabled` smallint(6) NOT NULL DEFAULT 0,
  PRIMARY KEY (`id`),
  UNIQUE KEY `Queues1` (`Name`),
  KEY `Queues2` (`Disabled`)
) ENGINE=InnoDB AUTO_INCREMENT=3 DEFAULT CHARSET=utf8mb4 COLLATE=utf8mb4_general_ci;
/*!40101 SET character_set_client = @saved_cs_client */;

--
-- Dumping data for table `Queues`
--

LOCK TABLES `Queues` WRITE;
/*!40000 ALTER TABLE `Queues` DISABLE KEYS */;
INSERT INTO `Queues` VALUES
(1,'General','The default queue','','','default',NULL,0,1,'2024-02-06 15:10:03',1,'2024-02-06 15:10:03',1,0),
(2,'___Approvals','A system-internal queue for the approvals system','','','approvals',NULL,0,1,'2024-02-06 15:10:03',1,'2024-02-06 15:10:03',1,2);
/*!40000 ALTER TABLE `Queues` ENABLE KEYS */;
UNLOCK TABLES;

--
-- Table structure for table `ScripActions`
--

DROP TABLE IF EXISTS `ScripActions`;
/*!40101 SET @saved_cs_client     = @@character_set_client */;
/*!40101 SET character_set_client = utf8 */;
CREATE TABLE `ScripActions` (
  `id` int(11) NOT NULL AUTO_INCREMENT,
  `Name` varchar(200) DEFAULT NULL,
  `Description` varchar(255) DEFAULT NULL,
  `ExecModule` varchar(60) CHARACTER SET ascii COLLATE ascii_general_ci DEFAULT NULL,
  `Argument` varbinary(255) DEFAULT NULL,
  `Creator` int(11) NOT NULL DEFAULT 0,
  `Created` datetime DEFAULT NULL,
  `LastUpdatedBy` int(11) NOT NULL DEFAULT 0,
  `LastUpdated` datetime DEFAULT NULL,
  PRIMARY KEY (`id`)
) ENGINE=InnoDB AUTO_INCREMENT=26 DEFAULT CHARSET=utf8mb4 COLLATE=utf8mb4_general_ci;
/*!40101 SET character_set_client = @saved_cs_client */;

--
-- Dumping data for table `ScripActions`
--

LOCK TABLES `ScripActions` WRITE;
/*!40000 ALTER TABLE `ScripActions` DISABLE KEYS */;
INSERT INTO `ScripActions` VALUES
(1,'Autoreply To Requestors','Always sends a message to the requestors independent of message sender','Autoreply','Requestor',1,'2024-02-06 15:10:03',1,'2024-02-06 15:10:03'),
(2,'Notify Requestors','Sends a message to the requestors','Notify','Requestor',1,'2024-02-06 15:10:03',1,'2024-02-06 15:10:03'),
(3,'Notify Owner as Comment','Sends mail to the owner','NotifyAsComment','Owner',1,'2024-02-06 15:10:03',1,'2024-02-06 15:10:03'),
(4,'Notify Owner','Sends mail to the owner','Notify','Owner',1,'2024-02-06 15:10:03',1,'2024-02-06 15:10:03'),
(5,'Notify Ccs as Comment','Sends mail to the Ccs as a comment','NotifyAsComment','Cc',1,'2024-02-06 15:10:03',1,'2024-02-06 15:10:03'),
(6,'Notify Ccs','Sends mail to the Ccs','Notify','Cc',1,'2024-02-06 15:10:03',1,'2024-02-06 15:10:03'),
(7,'Notify AdminCcs as Comment','Sends mail to the administrative Ccs as a comment','NotifyAsComment','AdminCc',1,'2024-02-06 15:10:03',1,'2024-02-06 15:10:03'),
(8,'Notify AdminCcs','Sends mail to the administrative Ccs','Notify','AdminCc',1,'2024-02-06 15:10:03',1,'2024-02-06 15:10:03'),
(9,'Notify Owner and AdminCcs','Sends mail to the Owner and administrative Ccs','Notify','Owner,AdminCc',1,'2024-02-06 15:10:03',1,'2024-02-06 15:10:03'),
(10,'Notify Owner or AdminCcs','Sends mail to the Owner if set, otherwise administrative Ccs','NotifyOwnerOrAdminCc',NULL,1,'2024-02-06 15:10:03',1,'2024-02-06 15:10:03'),
(11,'Notify Requestors and Ccs as Comment','Send mail to requestors and Ccs as a comment','NotifyAsComment','Requestor,Cc',1,'2024-02-06 15:10:03',1,'2024-02-06 15:10:03'),
(12,'Notify Requestors and Ccs','Send mail to requestors and Ccs','Notify','Requestor,Cc',1,'2024-02-06 15:10:03',1,'2024-02-06 15:10:03'),
(13,'Notify Owner, Requestors, Ccs and AdminCcs as Comment','Send mail to owner and all watchers as a \"comment\"','NotifyAsComment','All',1,'2024-02-06 15:10:03',1,'2024-02-06 15:10:03'),
(14,'Notify Owner, Requestors, Ccs and AdminCcs','Send mail to owner and all watchers','Notify','All',1,'2024-02-06 15:10:03',1,'2024-02-06 15:10:03'),
(15,'Notify Other Recipients as Comment','Sends mail to explicitly listed Ccs and Bccs','NotifyAsComment','OtherRecipients',1,'2024-02-06 15:10:03',1,'2024-02-06 15:10:03'),
(16,'Notify Other Recipients','Sends mail to explicitly listed Ccs and Bccs','Notify','OtherRecipients',1,'2024-02-06 15:10:03',1,'2024-02-06 15:10:03'),
(17,'User Defined','Perform a user-defined action','UserDefined',NULL,1,'2024-02-06 15:10:03',1,'2024-02-06 15:10:03'),
(18,'Create Tickets','Create new tickets based on this scrip\'s template','CreateTickets',NULL,1,'2024-02-06 15:10:03',1,'2024-02-06 15:10:03'),
(19,'Open Tickets','Open tickets on correspondence','AutoOpen',NULL,1,'2024-02-06 15:10:03',1,'2024-02-06 15:10:03'),
(20,'Open Inactive Tickets','Open inactive tickets','AutoOpenInactive',NULL,1,'2024-02-06 15:10:03',1,'2024-02-06 15:10:03'),
(21,'Extract Subject Tag','Extract tags from a Transaction\'s subject and add them to the Ticket\'s subject.','ExtractSubjectTag',NULL,1,'2024-02-06 15:10:03',1,'2024-02-06 15:10:03'),
(22,'Send Forward','Send forwarded message','SendForward',NULL,1,'2024-02-06 15:10:03',1,'2024-02-06 15:10:03'),
(23,'Set starts date according to SLA','Set the starts date according to an agreement','SLA_SetStarts',NULL,1,'2024-02-06 15:10:03',1,'2024-02-06 15:10:03'),
(24,'Set due date according to SLA','Set the due date according to an agreement','SLA_SetDue',NULL,1,'2024-02-06 15:10:03',1,'2024-02-06 15:10:03'),
(25,'Clear Custom Field Value Template','Template action for clearing a custom field. Use \"Copy Action\" to create an action for s specific custom field.','ClearCustomFieldValues','Your Custom Field Name Or Id',1,'2024-02-06 15:10:03',1,'2024-02-06 15:10:03');
/*!40000 ALTER TABLE `ScripActions` ENABLE KEYS */;
UNLOCK TABLES;

--
-- Table structure for table `ScripConditions`
--

DROP TABLE IF EXISTS `ScripConditions`;
/*!40101 SET @saved_cs_client     = @@character_set_client */;
/*!40101 SET character_set_client = utf8 */;
CREATE TABLE `ScripConditions` (
  `id` int(11) NOT NULL AUTO_INCREMENT,
  `Name` varchar(200) DEFAULT NULL,
  `Description` varchar(255) DEFAULT NULL,
  `ExecModule` varchar(60) CHARACTER SET ascii COLLATE ascii_general_ci DEFAULT NULL,
  `Argument` varbinary(255) DEFAULT NULL,
  `ApplicableTransTypes` varchar(60) CHARACTER SET ascii COLLATE ascii_general_ci DEFAULT NULL,
  `Creator` int(11) NOT NULL DEFAULT 0,
  `Created` datetime DEFAULT NULL,
  `LastUpdatedBy` int(11) NOT NULL DEFAULT 0,
  `LastUpdated` datetime DEFAULT NULL,
  PRIMARY KEY (`id`)
) ENGINE=InnoDB AUTO_INCREMENT=22 DEFAULT CHARSET=utf8mb4 COLLATE=utf8mb4_general_ci;
/*!40101 SET character_set_client = @saved_cs_client */;

--
-- Dumping data for table `ScripConditions`
--

LOCK TABLES `ScripConditions` WRITE;
/*!40000 ALTER TABLE `ScripConditions` DISABLE KEYS */;
INSERT INTO `ScripConditions` VALUES
(1,'On Create','When a ticket is created','AnyTransaction',NULL,'Create',1,'2024-02-06 15:10:03',1,'2024-02-06 15:10:03'),
(2,'On Create Via Email','When a ticket is created via Email','ViaInterface','Email','Create',1,'2024-02-06 15:10:03',1,'2024-02-06 15:10:03'),
(3,'On Create Via Web','When a ticket is created via Web','ViaInterface','Web,Mobile','Create',1,'2024-02-06 15:10:03',1,'2024-02-06 15:10:03'),
(4,'On Transaction','When anything happens','AnyTransaction',NULL,'Any',1,'2024-02-06 15:10:03',1,'2024-02-06 15:10:03'),
(5,'On Correspond','Whenever correspondence comes in','AnyTransaction',NULL,'Correspond',1,'2024-02-06 15:10:03',1,'2024-02-06 15:10:03'),
(6,'On Forward','Whenever a ticket or transaction is forwarded','AnyTransaction',NULL,'Forward Transaction,Forward Ticket',1,'2024-02-06 15:10:03',1,'2024-02-06 15:10:03'),
(7,'On Forward Ticket','Whenever a ticket is forwarded','AnyTransaction',NULL,'Forward Ticket',1,'2024-02-06 15:10:03',1,'2024-02-06 15:10:03'),
(8,'On Forward Transaction','Whenever a transaction is forwarded','AnyTransaction',NULL,'Forward Transaction',1,'2024-02-06 15:10:03',1,'2024-02-06 15:10:03'),
(9,'On Comment','Whenever comments come in','AnyTransaction',NULL,'Comment',1,'2024-02-06 15:10:03',1,'2024-02-06 15:10:03'),
(10,'On Status Change','Whenever a ticket\'s status changes','AnyTransaction',NULL,'Status',1,'2024-02-06 15:10:03',1,'2024-02-06 15:10:03'),
(11,'On Priority Change','Whenever a ticket\'s priority changes','PriorityChange',NULL,'Set',1,'2024-02-06 15:10:03',1,'2024-02-06 15:10:03'),
(12,'On Owner Change','Whenever a ticket\'s owner changes','OwnerChange',NULL,'Any',1,'2024-02-06 15:10:03',1,'2024-02-06 15:10:03'),
(13,'On Queue Change','Whenever a ticket\'s queue changes','QueueChange',NULL,'Set',1,'2024-02-06 15:10:03',1,'2024-02-06 15:10:03'),
(14,'On Resolve','Whenever a ticket is resolved','StatusChange','resolved','Status',1,'2024-02-06 15:10:03',1,'2024-02-06 15:10:03'),
(15,'On Reject','Whenever a ticket is rejected','StatusChange','rejected','Status',1,'2024-02-06 15:10:03',1,'2024-02-06 15:10:03'),
(16,'User Defined','Whenever a user-defined condition occurs','UserDefined',NULL,'Any',1,'2024-02-06 15:10:03',1,'2024-02-06 15:10:03'),
(17,'On Close','Whenever a ticket is closed','CloseTicket',NULL,'Status,Set',1,'2024-02-06 15:10:03',1,'2024-02-06 15:10:03'),
(18,'On Reopen','Whenever a ticket is reopened','ReopenTicket',NULL,'Status,Set',1,'2024-02-06 15:10:03',1,'2024-02-06 15:10:03'),
(19,'Require Starts set according to SLA','Detect a situation when we should set Starts date','SLA_RequireStartsSet',NULL,'Create,Set',1,'2024-02-06 15:10:03',1,'2024-02-06 15:10:03'),
(20,'Require Due set according to SLA','Detect a situation when we should set Due date','SLA_RequireDueSet',NULL,'Create,Correspond,Set,Status',1,'2024-02-06 15:10:03',1,'2024-02-06 15:10:03'),
(21,'On TimeWorked Change','When TimeWorked Change','TimeWorkedChange',NULL,'Any',1,'2024-02-06 15:10:03',1,'2024-02-06 15:10:03');
/*!40000 ALTER TABLE `ScripConditions` ENABLE KEYS */;
UNLOCK TABLES;

--
-- Table structure for table `Scrips`
--

DROP TABLE IF EXISTS `Scrips`;
/*!40101 SET @saved_cs_client     = @@character_set_client */;
/*!40101 SET character_set_client = utf8 */;
CREATE TABLE `Scrips` (
  `id` int(11) NOT NULL AUTO_INCREMENT,
  `Description` varchar(255) DEFAULT NULL,
  `ScripCondition` int(11) NOT NULL DEFAULT 0,
  `ScripAction` int(11) NOT NULL DEFAULT 0,
  `CustomIsApplicableCode` text DEFAULT NULL,
  `CustomPrepareCode` text DEFAULT NULL,
  `CustomCommitCode` text DEFAULT NULL,
  `Disabled` smallint(6) NOT NULL DEFAULT 0,
  `Template` varchar(200) NOT NULL,
  `Creator` int(11) NOT NULL DEFAULT 0,
  `Created` datetime DEFAULT NULL,
  `LastUpdatedBy` int(11) NOT NULL DEFAULT 0,
  `LastUpdated` datetime DEFAULT NULL,
  PRIMARY KEY (`id`)
) ENGINE=InnoDB AUTO_INCREMENT=18 DEFAULT CHARSET=utf8mb4 COLLATE=utf8mb4_general_ci;
/*!40101 SET character_set_client = @saved_cs_client */;

--
-- Dumping data for table `Scrips`
--

LOCK TABLES `Scrips` WRITE;
/*!40000 ALTER TABLE `Scrips` DISABLE KEYS */;
INSERT INTO `Scrips` VALUES
(1,'On Comment Notify AdminCcs as Comment',9,7,NULL,NULL,NULL,0,'Admin Comment in HTML',1,'2024-02-06 15:10:04',1,'2024-02-06 15:10:04'),
(2,'On Comment Notify Other Recipients as Comment',9,15,NULL,NULL,NULL,0,'Correspondence in HTML',1,'2024-02-06 15:10:04',1,'2024-02-06 15:10:04'),
(3,'On Correspond Notify Owner and AdminCcs',5,9,NULL,NULL,NULL,0,'Admin Correspondence in HTML',1,'2024-02-06 15:10:04',1,'2024-02-06 15:10:04'),
(4,'On Correspond Notify Other Recipients',5,16,NULL,NULL,NULL,0,'Correspondence in HTML',1,'2024-02-06 15:10:04',1,'2024-02-06 15:10:04'),
(5,'On Correspond Notify Requestors and Ccs',5,12,NULL,NULL,NULL,0,'Correspondence in HTML',1,'2024-02-06 15:10:04',1,'2024-02-06 15:10:04'),
(6,'On Correspond Open Inactive Tickets',5,20,NULL,NULL,NULL,0,'Blank',1,'2024-02-06 15:10:04',1,'2024-02-06 15:10:04'),
(7,'On Create Autoreply To Requestors',1,1,NULL,NULL,NULL,0,'Autoreply in HTML',1,'2024-02-06 15:10:04',1,'2024-02-06 15:10:04'),
(8,'On Create Notify Owner and AdminCcs',1,9,NULL,NULL,NULL,0,'Transaction in HTML',1,'2024-02-06 15:10:04',1,'2024-02-06 15:10:04'),
(9,'On Create Notify Ccs',1,6,NULL,NULL,NULL,0,'Correspondence in HTML',1,'2024-02-06 15:10:04',1,'2024-02-06 15:10:04'),
(10,'On Create Notify Other Recipients',1,16,NULL,NULL,NULL,0,'Correspondence in HTML',1,'2024-02-06 15:10:04',1,'2024-02-06 15:10:04'),
(11,'On Owner Change Notify Owner',12,4,NULL,NULL,NULL,0,'Transaction in HTML',1,'2024-02-06 15:10:04',1,'2024-02-06 15:10:04'),
(12,'On Resolve Notify Requestors',14,2,NULL,NULL,NULL,0,'Resolved in HTML',1,'2024-02-06 15:10:04',1,'2024-02-06 15:10:04'),
(13,'On transaction, add any tags in the transaction\'s subject to the ticket\'s subject',4,21,NULL,NULL,NULL,0,'Blank',1,'2024-02-06 15:10:04',1,'2024-02-06 15:10:04'),
(14,'On Forward Transaction Send forwarded message',8,22,NULL,NULL,NULL,0,'Forward',1,'2024-02-06 15:10:04',1,'2024-02-06 15:10:04'),
(15,'On Forward Ticket Send forwarded message',7,22,NULL,NULL,NULL,0,'Forward Ticket',1,'2024-02-06 15:10:04',1,'2024-02-06 15:10:04'),
(16,'Set starts date if needed according to SLA',19,23,NULL,NULL,NULL,0,'Blank',1,'2024-02-06 15:10:04',1,'2024-02-06 15:10:04'),
(17,'Set due date if needed according to SLA',20,24,NULL,NULL,NULL,0,'Blank',1,'2024-02-06 15:10:04',1,'2024-02-06 15:10:04');
/*!40000 ALTER TABLE `Scrips` ENABLE KEYS */;
UNLOCK TABLES;

--
-- Table structure for table `Shorteners`
--

DROP TABLE IF EXISTS `Shorteners`;
/*!40101 SET @saved_cs_client     = @@character_set_client */;
/*!40101 SET character_set_client = utf8 */;
CREATE TABLE `Shorteners` (
  `id` int(11) NOT NULL AUTO_INCREMENT,
  `Code` varchar(40) NOT NULL,
  `Content` longtext NOT NULL,
  `Permanent` smallint(6) NOT NULL DEFAULT 0,
  `Creator` int(11) NOT NULL DEFAULT 0,
  `Created` datetime DEFAULT NULL,
  `LastUpdatedBy` int(11) DEFAULT 0,
  `LastUpdated` datetime DEFAULT NULL,
  `LastAccessedBy` int(11) DEFAULT 0,
  `LastAccessed` datetime DEFAULT NULL,
  PRIMARY KEY (`id`),
  UNIQUE KEY `Shorteners1` (`Code`)
) ENGINE=InnoDB DEFAULT CHARSET=utf8mb4 COLLATE=utf8mb4_general_ci;
/*!40101 SET character_set_client = @saved_cs_client */;

--
-- Dumping data for table `Shorteners`
--

LOCK TABLES `Shorteners` WRITE;
/*!40000 ALTER TABLE `Shorteners` DISABLE KEYS */;
/*!40000 ALTER TABLE `Shorteners` ENABLE KEYS */;
UNLOCK TABLES;

--
-- Table structure for table `Templates`
--

DROP TABLE IF EXISTS `Templates`;
/*!40101 SET @saved_cs_client     = @@character_set_client */;
/*!40101 SET character_set_client = utf8 */;
CREATE TABLE `Templates` (
  `id` int(11) NOT NULL AUTO_INCREMENT,
  `Queue` int(11) NOT NULL DEFAULT 0,
  `Name` varchar(200) NOT NULL,
  `Description` varchar(255) DEFAULT NULL,
  `Type` varchar(16) CHARACTER SET ascii COLLATE ascii_general_ci DEFAULT NULL,
  `Content` text DEFAULT NULL,
  `LastUpdated` datetime DEFAULT NULL,
  `LastUpdatedBy` int(11) NOT NULL DEFAULT 0,
  `Creator` int(11) NOT NULL DEFAULT 0,
  `Created` datetime DEFAULT NULL,
  PRIMARY KEY (`id`)
) ENGINE=InnoDB AUTO_INCREMENT=40 DEFAULT CHARSET=utf8mb4 COLLATE=utf8mb4_general_ci;
/*!40101 SET character_set_client = @saved_cs_client */;

--
-- Dumping data for table `Templates`
--

LOCK TABLES `Templates` WRITE;
/*!40000 ALTER TABLE `Templates` DISABLE KEYS */;
INSERT INTO `Templates` VALUES
(1,0,'Blank','A blank template','Perl','','2024-02-06 15:10:03',1,1,'2024-02-06 15:10:03'),
(2,0,'Autoreply','Plain text Autoresponse template','Perl','Subject: AutoReply: {$Ticket->Subject}\n\n\nGreetings,\n\nThis message has been automatically generated in response to the\ncreation of a trouble ticket regarding:\n        \"{$Ticket->Subject()}\", \na summary of which appears below.\n\nThere is no need to reply to this message right now.  Your ticket has been\nassigned an ID of { $Ticket->SubjectTag }.\n\nPlease include the string:\n\n         { $Ticket->SubjectTag }\n\nin the subject line of all future correspondence about this issue. To do so, \nyou may reply to this message.\n\n                        Thank you,\n                        {$Ticket->QueueObj->CorrespondAddress()}\n\n-------------------------------------------------------------------------\n{$Transaction->Content()}\n','2024-02-06 15:10:03',1,1,'2024-02-06 15:10:03'),
(3,0,'Autoreply in HTML','HTML Autoresponse template','Perl','Subject: AutoReply: {$Ticket->Subject}\nContent-Type: text/html\n\n<p>Greetings,</p>\n\n<p>This message has been automatically generated in response to the\ncreation of a trouble ticket regarding <b>{$Ticket->Subject()}</b>,\na summary of which appears below.</p>\n\n<p>There is no need to reply to this message right now.  Your ticket has been\nassigned an ID of <b>{$Ticket->SubjectTag}</b>.</p>\n\n<p>Please include the string <b>{$Ticket->SubjectTag}</b>\nin the subject line of all future correspondence about this issue. To do so,\nyou may reply to this message.</p>\n\n<p>Thank you,<br/>\n{$Ticket->QueueObj->CorrespondAddress()}</p>\n\n<hr/>\n{$Transaction->Content(Type => \'text/html\')}\n','2024-02-06 15:10:03',1,1,'2024-02-06 15:10:03'),
(4,0,'Transaction','Plain text transaction template','Perl','RT-Attach-Message: yes\n\n\n{$Transaction->CreatedAsString}: Request {$Ticket->id} was acted upon.\n Transaction: {$Transaction->Description}\n       Queue: {$Ticket->QueueObj->Name}\n     Subject: {$Transaction->Subject || $Ticket->Subject || \"(No subject given)\"}\n       Owner: {$Ticket->OwnerObj->Name}\n  Requestors: {$Ticket->RequestorAddresses}\n      Status: {$Ticket->Status}\n Ticket <URL: {RT->Config->Get(\'WebURL\')}Ticket/Display.html?id={$Ticket->id} >\n\n\n{$Transaction->Content()}\n','2024-02-06 15:10:03',1,1,'2024-02-06 15:10:03'),
(5,0,'Transaction in HTML','HTML transaction template','Perl','RT-Attach-Message: yes\nContent-Type: text/html\n\n<b>{$Transaction->CreatedAsString}: Request <a href=\"{RT->Config->Get(\"WebURL\")}Ticket/Display.html?id={$Ticket->id}\">{$Ticket->id}</a> was acted upon by {$Transaction->CreatorObj->Name}.</b>\n<br>\n<table border=\"0\">\n<tr><td align=\"right\"><b>Transaction:</b></td><td>{$Transaction->Description}</td></tr>\n<tr><td align=\"right\"><b>Queue:</b></td><td>{$Ticket->QueueObj->Name}</td></tr>\n<tr><td align=\"right\"><b>Subject:</b></td><td>{$Transaction->Subject || $Ticket->Subject || \"(No subject given)\"} </td></tr>\n<tr><td align=\"right\"><b>Owner:</b></td><td>{$Ticket->OwnerObj->Name}</td></tr>\n<tr><td align=\"right\"><b>Requestors:</b></td><td>{$Ticket->RequestorAddresses}</td></tr>\n<tr><td align=\"right\"><b>Status:</b></td><td>{$Ticket->Status}</td></tr>\n<tr><td align=\"right\"><b>Ticket URL:</b></td><td><a href=\"{RT->Config->Get(\"WebURL\")}Ticket/Display.html?id={$Ticket->id}\">{RT->Config->Get(\"WebURL\")}Ticket/Display.html?id={$Ticket->id}</a></td></tr>\n</table>\n<br/>\n<br/>\n{$Transaction->Content( Type => \"text/html\")}\n','2024-02-06 15:10:03',1,1,'2024-02-06 15:10:03'),
(6,2,'Transaction in HTML','[no description]','Perl','','2024-02-06 15:10:03',1,1,'2024-02-06 15:10:03'),
(7,2,'Transaction','[no description]','Perl','','2024-02-06 15:10:03',1,1,'2024-02-06 15:10:03'),
(8,0,'Admin Correspondence','Plain text admin correspondence template','Perl','RT-Attach-Message: yes\n\n\n<URL: {RT->Config->Get(\'WebURL\')}Ticket/Display.html?id={$Ticket->id} >\n\n{$Transaction->Content()}\n','2024-02-06 15:10:03',1,1,'2024-02-06 15:10:03'),
(9,0,'Admin Correspondence in HTML','HTML admin correspondence template','Perl','RT-Attach-Message: yes\nContent-Type: text/html\n\nTicket URL: <a href=\"{RT->Config->Get(\"WebURL\")}Ticket/Display.html?id={$Ticket->id}\">{RT->Config->Get(\"WebURL\")}Ticket/Display.html?id={$Ticket->id}</a>\n<br />\n<br />\n{$Transaction->Content(Type => \"text/html\");}\n','2024-02-06 15:10:03',1,1,'2024-02-06 15:10:03'),
(10,0,'Correspondence','Plain text correspondence template','Perl','RT-Attach-Message: yes\n\n{$Transaction->Content()}\n','2024-02-06 15:10:03',1,1,'2024-02-06 15:10:03'),
(11,0,'Correspondence in HTML','HTML correspondence template','Perl','RT-Attach-Message: yes\nContent-Type: text/html\n\n{$Transaction->Content( Type => \"text/html\")}\n','2024-02-06 15:10:03',1,1,'2024-02-06 15:10:03'),
(12,0,'Admin Comment','Plain text admin comment template','Perl','Subject: [Comment] {my $s=($Transaction->Subject||$Ticket->Subject||\"\"); $s =~ s/\\[Comment\\]\\s*//g; $s =~ s/^Re:\\s*//i; $s;}\nRT-Attach-Message: yes\n\n\n{RT->Config->Get(\'WebURL\')}Ticket/Display.html?id={$Ticket->id}\nThis is a comment.  It is not sent to the Requestor(s):\n\n{$Transaction->Content()}\n','2024-02-06 15:10:04',1,1,'2024-02-06 15:10:04'),
(13,0,'Admin Comment in HTML','HTML admin comment template','Perl','Subject: [Comment] {my $s=($Transaction->Subject||$Ticket->Subject||\"\"); $s =~ s/\\[Comment\\]\\s*//g; $s =~ s/^Re:\\s*//i; $s;}\nRT-Attach-Message: yes\nContent-Type: text/html\n\n<p>This is a comment about <a href=\"{RT->Config->Get(\"WebURL\")}Ticket/Display.html?id={$Ticket->id}\">ticket {$Ticket->id}</a>. It is not sent to the Requestor(s):</p>\n\n{$Transaction->Content(Type => \"text/html\")}\n','2024-02-06 15:10:04',1,1,'2024-02-06 15:10:04'),
(14,0,'Reminder','Default reminder template','Perl','Subject:{$Ticket->Subject} is due {$Ticket->DueObj->AsString}\n\nThis reminder is for ticket #{$Target = $Ticket->RefersTo->First->TargetObj;$Target->Id}.\n\n{RT->Config->Get(\'WebURL\')}Ticket/Display.html?id={$Target->Id}\n','2024-02-06 15:10:04',1,1,'2024-02-06 15:10:04'),
(15,0,'Status Change','Ticket status changed','Perl','Subject: Status Changed to: {$Transaction->NewValue}\n\n\n{RT->Config->Get(\'WebURL\')}Ticket/Display.html?id={$Ticket->id}\n\n{$Transaction->Content()}\n','2024-02-06 15:10:04',1,1,'2024-02-06 15:10:04'),
(16,0,'Status Change in HTML','HTML Ticket status changed','Perl','Subject: Status Changed to: {$Transaction->NewValue}\nContent-Type: text/html\n\n<a href=\"{RT->Config->Get(\"WebURL\")}Ticket/Display.html?id={$Ticket->id}\">{RT->Config->Get(\"WebURL\")}Ticket/Display.html?id={$Ticket->id}</a>\n<br/>\n<br/>\n{$Transaction->Content(Type => \"text/html\")}\n','2024-02-06 15:10:04',1,1,'2024-02-06 15:10:04'),
(17,0,'Resolved','Ticket Resolved','Perl','Subject: Resolved: {$Ticket->Subject}\n\nAccording to our records, your request has been resolved. If you have any\nfurther questions or concerns, please respond to this message.\n','2024-02-06 15:10:04',1,1,'2024-02-06 15:10:04'),
(18,0,'Resolved in HTML','HTML Ticket Resolved','Perl','Subject: Resolved: {$Ticket->Subject}\nContent-Type: text/html\n\n<p>According to our records, your request has been resolved.  If you have any further questions or concerns, please respond to this message.</p>\n','2024-02-06 15:10:04',1,1,'2024-02-06 15:10:04'),
(19,2,'New Pending Approval','Notify Owners and AdminCcs of new items pending their approval','Perl','Subject: New Pending Approval: {$Ticket->Subject}\n\nGreetings,\n\nThere is a new item pending your approval: \"{$Ticket->Subject()}\", \na summary of which appears below.\n\nPlease visit {RT->Config->Get(\'WebURL\')}Approvals/Display.html?id={$Ticket->id}\nto approve or reject this ticket, or {RT->Config->Get(\'WebURL\')}Approvals/ to\nbatch-process all your pending approvals.\n\n-------------------------------------------------------------------------\n{$Transaction->Content()}\n','2024-02-06 15:10:04',1,1,'2024-02-06 15:10:04'),
(20,2,'New Pending Approval in HTML','Notify Owners and AdminCcs of new items pending their approval','Perl','Subject: New Pending Approval: {$Ticket->Subject}\nContent-Type: text/html\n\n<p>Greetings,</p>\n\n<p>There is a new item pending your approval: <b>{$Ticket->Subject()}</b>,\na summary of which appears below.</p>\n\n<p>Please <a href=\"{RT->Config->Get(\'WebURL\')}Approvals/Display.html?id={$Ticket->id}\">approve\nor reject this ticket</a>, or visit the <a href=\"{RT->Config->Get(\'WebURL\')}Approvals/\">approvals\noverview</a> to batch-process all your pending approvals.</p>\n\n<hr />\n{$Transaction->Content()}\n','2024-02-06 15:10:04',1,1,'2024-02-06 15:10:04'),
(21,2,'Approval Passed','Notify Requestor of their ticket has been approved by some approver','Perl','Subject: Ticket Approved: {$Ticket->Subject}\n\nGreetings,\n\nYour ticket has been approved by { eval { $Approver->Name } }.\nOther approvals may be pending.\n\nApprover\'s notes: { $Notes }\n','2024-02-06 15:10:04',1,1,'2024-02-06 15:10:04'),
(22,2,'Approval Passed in HTML','Notify Requestor of their ticket has been approved by some approver','Perl','Subject: Ticket Approved: {$Ticket->Subject}\nContent-Type: text/html\n\n<p>Greetings,</p>\n\n<p>Your ticket has been approved by <b>{ eval { $Approver->Name } }</b>.\nOther approvals may be pending.</p>\n\n<p>Approver\'s notes:</p>\n<blockquote>{ $Notes }</blockquote>\n','2024-02-06 15:10:04',1,1,'2024-02-06 15:10:04'),
(23,2,'All Approvals Passed','Notify Requestor of their ticket has been approved by all approvers','Perl','Subject: Ticket Approved: {$Ticket->Subject}\n\nGreetings,\n\nYour ticket has been approved by { eval { $Approver->Name } }.\nIts Owner may now start to act on it.\n\nApprover\'s notes: { $Notes }\n','2024-02-06 15:10:04',1,1,'2024-02-06 15:10:04'),
(24,2,'All Approvals Passed in HTML','Notify Requestor of their ticket has been approved by all approvers','Perl','Subject: Ticket Approved: {$Ticket->Subject}\nContent-Type: text/html\n\n<p>Greetings,</p>\n\n<p>Your ticket has been approved by <b>{ eval { $Approver->Name } }</b>.\nIts Owner may now start to act on it.</p>\n\n<p>Approver\'s notes:</p>\n<blockquote>{ $Notes }</blockquote>\n','2024-02-06 15:10:04',1,1,'2024-02-06 15:10:04'),
(25,2,'Approval Rejected','Notify Owner of their rejected ticket','Perl','Subject: Ticket Rejected: {$Ticket->Subject}\n\nGreetings,\n\nYour ticket has been rejected by { eval { $Approver->Name } }.\n\nApprover\'s notes: { $Notes }\n','2024-02-06 15:10:04',1,1,'2024-02-06 15:10:04'),
(26,2,'Approval Rejected in HTML','Notify Owner of their rejected ticket','Perl','Subject: Ticket Rejected: {$Ticket->Subject}\nContent-Type: text/html\n\n<p>Greetings,</p>\n\n<p>Your ticket has been rejected by <b>{ eval { $Approver->Name } }</b>.</p>\n\n<p>Approver\'s notes:</p>\n<blockquote>{ $Notes }</blockquote>\n','2024-02-06 15:10:04',1,1,'2024-02-06 15:10:04'),
(27,2,'Approval Ready for Owner','Notify Owner of their ticket has been approved and is ready to be acted on','Perl','Subject: Ticket Approved: {$Ticket->Subject}\n\nGreetings,\n\nThe ticket has been approved, you may now start to act on it.\n\n','2024-02-06 15:10:04',1,1,'2024-02-06 15:10:04'),
(28,2,'Approval Ready for Owner in HTML','Notify Owner of their ticket has been approved and is ready to be acted on','Perl','Subject: Ticket Approved: {$Ticket->Subject}\nContent-Type: text/html\n\n<p>Greetings,</p>\n\n<p>The ticket has been approved, you may now start to act on it.</p>\n\n','2024-02-06 15:10:04',1,1,'2024-02-06 15:10:04'),
(29,0,'Forward','Forwarded message','Perl','\n\n{ $ForwardTransaction->Content =~ /\\S/ ? $ForwardTransaction->Content : \"This is a forward of transaction #\".$Transaction->id.\" of ticket #\". $Ticket->id }\n','2024-02-06 15:10:04',1,1,'2024-02-06 15:10:04'),
(30,0,'Forward Ticket','Forwarded ticket message','Perl','\n\n{ $ForwardTransaction->Content =~ /\\S/ ? $ForwardTransaction->Content : \"This is a forward of ticket #\". $Ticket->id }\n','2024-02-06 15:10:04',1,1,'2024-02-06 15:10:04'),
(31,0,'Error: unencrypted message','Inform user that their unencrypted mail has been rejected','Perl','Subject: RT requires that all incoming mail be encrypted\n\nYou received this message because RT received mail from you that was not encrypted.  As such, it has been rejected.\n','2024-02-06 15:10:04',1,1,'2024-02-06 15:10:04'),
(32,0,'Error: public key','Inform user that he has problems with public key and couldn\'t recieve encrypted content','Perl','Subject: Your public key in RT is missing or unusable\n\nYou received this message because we were unable to encrypt a message to your public key, either because it is missing or has a problem.  Please inform the administrator about the problem.\n','2024-02-06 15:10:04',1,1,'2024-02-06 15:10:04'),
(33,0,'Error to RT owner: public key','Inform RT owner that user(s) have problems with public keys','Perl','Subject: Some users have problems with public keys\n\nYou received this message as RT has problems with public keys of the following user:\n{\n    foreach my $e ( @BadRecipients ) {\n        $OUT .= \"* \". $e->{\'Message\'} .\"\\n\";\n    }\n}','2024-02-06 15:10:04',1,1,'2024-02-06 15:10:04'),
(34,0,'Error: no private key','Inform user that we received an encrypted email and we have no private keys to decrypt','Perl','Subject: we received message we cannot decrypt\n\nYou sent an encrypted message with subject \'{ $Message->head->get(\'Subject\') }\',\nbut we have no private key it\'s encrypted to.\n\nPlease, check that you encrypt messages with correct keys\nor contact the system administrator.','2024-02-06 15:10:04',1,1,'2024-02-06 15:10:04'),
(35,0,'Error: bad encrypted data','Inform user that a message he sent has invalid encryption data','Perl','Subject: We received a message we cannot handle\n\nYou sent us a message that we cannot handle due to corrupted signature or encrypted block. we get the following error(s):\n{ foreach my $msg ( @Messages ) {\n    $OUT .= \"* $msg\\n\";\n  }\n}','2024-02-06 15:10:04',1,1,'2024-02-06 15:10:04'),
(36,0,'PasswordChange','Inform user that his password has been reset','Perl','Subject: [{RT->Config->Get(\'rtname\')}] Password reset\n\nGreetings,\n\nSomeone at {$ENV{\'REMOTE_ADDR\'}} requested a password reset for you on {RT->Config->Get(\'WebURL\')}\n\nYour new password is:\n  {$NewPassword}\n','2024-02-06 15:10:04',1,1,'2024-02-06 15:10:04'),
(37,0,'Email Digest','Email template for periodic notification digests','Perl','Subject: RT Email Digest\n\n{ $Argument }\n','2024-02-06 15:10:04',1,1,'2024-02-06 15:10:04'),
(38,0,'Error: Missing dashboard','Inform user that a dashboard he subscribed to is missing','Perl','Subject: [{RT->Config->Get(\'rtname\')}] Missing dashboard!\n\nGreetings,\n\nYou are subscribed to a dashboard that is currently missing. Most likely, the dashboard was deleted.\n\nRT will remove this subscription as it is no longer useful. Here\'s the information RT had about your subscription:\n\nDashboardID:  { $SubscriptionObj->SubValue(\'DashboardId\') }\nFrequency:    { $SubscriptionObj->SubValue(\'Frequency\') }\nHour:         { $SubscriptionObj->SubValue(\'Hour\') }\n{\n    $SubscriptionObj->SubValue(\'Frequency\') eq \'weekly\'\n    ? \"Day of week:  \" . $SubscriptionObj->SubValue(\'Dow\')\n    : $SubscriptionObj->SubValue(\'Frequency\') eq \'monthly\'\n      ? \"Day of month: \" . $SubscriptionObj->SubValue(\'Dom\')\n      : \'\'\n}\n','2024-02-06 15:10:04',1,1,'2024-02-06 15:10:04'),
(39,0,'Auth tokens expiring in 7 days in HTML','Auth tokens expiring in 7 days','Perl','Subject: [{RT->Config->Get(\'rtname\')}] You have auth tokens that will expire in 7 days\nContent-Type: text/html\n\n<p>Hello { $UserObj->RealName || $UserObj->Name }:</p>\n\n<p>\nThe following tokens will expire within the next 7 days:\n<ul>\n{\n    for my $token (@AuthTokens) {\n        $OUT .= \'<li>\' . $token->Description .  \' (expires at \' . $token->ExpiresObj->AsString . \')</li>\';\n    }\n}\n</ul>\n</p>\n\n{\n    if (   $UserObj->HasRight( Right => \'ModifySelf\', Object => RT->System )\n        && $UserObj->HasRight( Right => \'ManageAuthTokens\', Object => RT->System ) )\n    {\n        $OUT .= \'<p>You can revoke them and generate new ones on the <a href=\"\' . RT->Config->Get(\'WebURL\') . \'Prefs/AuthTokens.html\' . \'\">Auth Tokens</a> page in RT.</p>\';\n    }\n    else {\n        $OUT .= \"<p>If you are still using them, please contact your RT manager to generate new ones for you.</p>\";\n    }\n}\n','2024-02-06 15:10:04',1,1,'2024-02-06 15:10:04');
/*!40000 ALTER TABLE `Templates` ENABLE KEYS */;
UNLOCK TABLES;

--
-- Table structure for table `Tickets`
--

DROP TABLE IF EXISTS `Tickets`;
/*!40101 SET @saved_cs_client     = @@character_set_client */;
/*!40101 SET character_set_client = utf8 */;
CREATE TABLE `Tickets` (
  `id` int(11) NOT NULL AUTO_INCREMENT,
  `EffectiveId` int(11) NOT NULL DEFAULT 0,
  `IsMerged` smallint(6) DEFAULT NULL,
  `Queue` int(11) NOT NULL DEFAULT 0,
  `Type` varchar(16) CHARACTER SET ascii COLLATE ascii_general_ci DEFAULT NULL,
  `Owner` int(11) NOT NULL DEFAULT 0,
  `Subject` varchar(200) DEFAULT '[no subject]',
  `InitialPriority` int(11) NOT NULL DEFAULT 0,
  `FinalPriority` int(11) NOT NULL DEFAULT 0,
  `Priority` int(11) NOT NULL DEFAULT 0,
  `TimeEstimated` int(11) NOT NULL DEFAULT 0,
  `TimeWorked` int(11) NOT NULL DEFAULT 0,
  `Status` varchar(64) DEFAULT NULL,
  `SLA` varchar(64) DEFAULT NULL,
  `TimeLeft` int(11) NOT NULL DEFAULT 0,
  `Told` datetime DEFAULT NULL,
  `Starts` datetime DEFAULT NULL,
  `Started` datetime DEFAULT NULL,
  `Due` datetime DEFAULT NULL,
  `Resolved` datetime DEFAULT NULL,
  `LastUpdatedBy` int(11) NOT NULL DEFAULT 0,
  `LastUpdated` datetime DEFAULT NULL,
  `Creator` int(11) NOT NULL DEFAULT 0,
  `Created` datetime DEFAULT NULL,
  PRIMARY KEY (`id`),
  KEY `Tickets1` (`Queue`,`Status`),
  KEY `Tickets2` (`Owner`),
  KEY `Tickets6` (`EffectiveId`,`Type`)
) ENGINE=InnoDB DEFAULT CHARSET=utf8mb4 COLLATE=utf8mb4_general_ci;
/*!40101 SET character_set_client = @saved_cs_client */;

--
-- Dumping data for table `Tickets`
--

LOCK TABLES `Tickets` WRITE;
/*!40000 ALTER TABLE `Tickets` DISABLE KEYS */;
/*!40000 ALTER TABLE `Tickets` ENABLE KEYS */;
UNLOCK TABLES;

--
-- Table structure for table `Topics`
--

DROP TABLE IF EXISTS `Topics`;
/*!40101 SET @saved_cs_client     = @@character_set_client */;
/*!40101 SET character_set_client = utf8 */;
CREATE TABLE `Topics` (
  `id` int(11) NOT NULL AUTO_INCREMENT,
  `Parent` int(11) NOT NULL DEFAULT 0,
  `Name` varchar(255) NOT NULL DEFAULT '',
  `Description` varchar(255) NOT NULL DEFAULT '',
  `ObjectType` varchar(64) CHARACTER SET ascii COLLATE ascii_general_ci NOT NULL DEFAULT '',
  `ObjectId` int(11) NOT NULL DEFAULT 0,
  PRIMARY KEY (`id`)
) ENGINE=InnoDB DEFAULT CHARSET=utf8mb4 COLLATE=utf8mb4_general_ci;
/*!40101 SET character_set_client = @saved_cs_client */;

--
-- Dumping data for table `Topics`
--

LOCK TABLES `Topics` WRITE;
/*!40000 ALTER TABLE `Topics` DISABLE KEYS */;
/*!40000 ALTER TABLE `Topics` ENABLE KEYS */;
UNLOCK TABLES;

--
-- Table structure for table `Transactions`
--

DROP TABLE IF EXISTS `Transactions`;
/*!40101 SET @saved_cs_client     = @@character_set_client */;
/*!40101 SET character_set_client = utf8 */;
CREATE TABLE `Transactions` (
  `id` bigint(20) NOT NULL AUTO_INCREMENT,
  `ObjectType` varchar(64) CHARACTER SET ascii COLLATE ascii_general_ci NOT NULL,
  `ObjectId` int(11) NOT NULL DEFAULT 0,
  `TimeTaken` int(11) NOT NULL DEFAULT 0,
  `Type` varchar(20) CHARACTER SET ascii COLLATE ascii_general_ci DEFAULT NULL,
  `Field` varchar(255) CHARACTER SET ascii COLLATE ascii_general_ci DEFAULT NULL,
  `OldValue` varchar(255) DEFAULT NULL,
  `NewValue` varchar(255) DEFAULT NULL,
  `ReferenceType` varchar(255) CHARACTER SET ascii COLLATE ascii_general_ci DEFAULT NULL,
  `OldReference` int(11) DEFAULT NULL,
  `NewReference` int(11) DEFAULT NULL,
  `Data` varchar(255) DEFAULT NULL,
  `Creator` int(11) NOT NULL DEFAULT 0,
  `Created` datetime DEFAULT NULL,
  PRIMARY KEY (`id`),
  KEY `Transactions1` (`ObjectType`,`ObjectId`)
) ENGINE=InnoDB AUTO_INCREMENT=33 DEFAULT CHARSET=utf8mb4 COLLATE=utf8mb4_general_ci;
/*!40101 SET character_set_client = @saved_cs_client */;

--
-- Dumping data for table `Transactions`
--

LOCK TABLES `Transactions` WRITE;
/*!40000 ALTER TABLE `Transactions` DISABLE KEYS */;
INSERT INTO `Transactions` VALUES
(1,'RT::Group',3,0,'Create',NULL,NULL,NULL,NULL,NULL,NULL,NULL,1,'2024-02-06 15:10:02'),
(2,'RT::Group',4,0,'Create',NULL,NULL,NULL,NULL,NULL,NULL,NULL,1,'2024-02-06 15:10:02'),
(3,'RT::Group',5,0,'Create',NULL,NULL,NULL,NULL,NULL,NULL,NULL,1,'2024-02-06 15:10:02'),
(4,'RT::User',6,0,'Create',NULL,NULL,NULL,NULL,NULL,NULL,NULL,1,'2024-02-06 15:10:02'),
(5,'RT::System',1,0,'GrantRight','7',NULL,'OwnTicket',NULL,NULL,NULL,'',1,'2024-02-06 15:10:02'),
(6,'RT::Group',8,0,'Create',NULL,NULL,NULL,NULL,NULL,NULL,NULL,1,'2024-02-06 15:10:02'),
(7,'RT::Group',9,0,'Create',NULL,NULL,NULL,NULL,NULL,NULL,NULL,1,'2024-02-06 15:10:02'),
(8,'RT::Group',10,0,'Create',NULL,NULL,NULL,NULL,NULL,NULL,NULL,1,'2024-02-06 15:10:02'),
(9,'RT::Group',11,0,'Create',NULL,NULL,NULL,NULL,NULL,NULL,NULL,1,'2024-02-06 15:10:02'),
(10,'RT::Group',12,0,'Create',NULL,NULL,NULL,NULL,NULL,NULL,NULL,1,'2024-02-06 15:10:02'),
(11,'RT::Group',13,0,'Create',NULL,NULL,NULL,NULL,NULL,NULL,NULL,1,'2024-02-06 15:10:02'),
(12,'RT::User',14,0,'Create',NULL,NULL,NULL,NULL,NULL,NULL,NULL,1,'2024-02-06 15:10:03'),
(13,'RT::Group',16,0,'Create',NULL,NULL,NULL,NULL,NULL,NULL,NULL,1,'2024-02-06 15:10:03'),
(14,'RT::Group',17,0,'Create',NULL,NULL,NULL,NULL,NULL,NULL,NULL,1,'2024-02-06 15:10:03'),
(15,'RT::Group',18,0,'Create',NULL,NULL,NULL,NULL,NULL,NULL,NULL,1,'2024-02-06 15:10:03'),
(16,'RT::Group',19,0,'Create',NULL,NULL,NULL,NULL,NULL,NULL,NULL,1,'2024-02-06 15:10:03'),
(17,'RT::Queue',1,0,'Create',NULL,NULL,NULL,NULL,NULL,NULL,NULL,1,'2024-02-06 15:10:03'),
(18,'RT::Group',20,0,'Create',NULL,NULL,NULL,NULL,NULL,NULL,NULL,1,'2024-02-06 15:10:03'),
(19,'RT::Group',21,0,'Create',NULL,NULL,NULL,NULL,NULL,NULL,NULL,1,'2024-02-06 15:10:03'),
(20,'RT::Group',22,0,'Create',NULL,NULL,NULL,NULL,NULL,NULL,NULL,1,'2024-02-06 15:10:03'),
(21,'RT::Group',23,0,'Create',NULL,NULL,NULL,NULL,NULL,NULL,NULL,1,'2024-02-06 15:10:03'),
(22,'RT::Queue',2,0,'Create',NULL,NULL,NULL,NULL,NULL,NULL,NULL,1,'2024-02-06 15:10:03'),
(23,'RT::Group',24,0,'Create',NULL,NULL,NULL,NULL,NULL,NULL,NULL,1,'2024-02-06 15:10:03'),
(24,'RT::Group',25,0,'Create',NULL,NULL,NULL,NULL,NULL,NULL,NULL,1,'2024-02-06 15:10:03'),
(25,'RT::Group',26,0,'Create',NULL,NULL,NULL,NULL,NULL,NULL,NULL,1,'2024-02-06 15:10:03'),
(26,'RT::Catalog',1,0,'Create',NULL,NULL,NULL,NULL,NULL,NULL,NULL,1,'2024-02-06 15:10:03'),
(27,'RT::System',1,0,'GrantRight','15',NULL,'SuperUser',NULL,NULL,NULL,'',1,'2024-02-06 15:10:03'),
(28,'RT::System',1,0,'GrantRight','4',NULL,'ShowApprovalsTab',NULL,NULL,NULL,'',1,'2024-02-06 15:10:03'),
(29,'RT::System',1,0,'GrantRight','4',NULL,'ShowSearchAdvanced',NULL,NULL,NULL,'',1,'2024-02-06 15:10:03'),
(30,'RT::System',1,0,'GrantRight','4',NULL,'ShowSearchBulkUpdate',NULL,NULL,NULL,'',1,'2024-02-06 15:10:03'),
(31,'RT::Attribute',9,0,'Create',NULL,NULL,NULL,NULL,NULL,NULL,NULL,1,'2024-02-06 15:10:04'),
(32,'RT::Attribute',9,0,'Set','Content',NULL,NULL,'RT::Attribute',10,11,NULL,1,'2024-02-06 15:10:04');
/*!40000 ALTER TABLE `Transactions` ENABLE KEYS */;
UNLOCK TABLES;

--
-- Table structure for table `Users`
--

DROP TABLE IF EXISTS `Users`;
/*!40101 SET @saved_cs_client     = @@character_set_client */;
/*!40101 SET character_set_client = utf8 */;
CREATE TABLE `Users` (
  `id` int(11) NOT NULL AUTO_INCREMENT,
  `Name` varchar(200) NOT NULL,
  `Password` varchar(256) DEFAULT NULL,
  `AuthToken` varchar(16) CHARACTER SET ascii COLLATE ascii_general_ci DEFAULT NULL,
  `Comments` text DEFAULT NULL,
  `Signature` text DEFAULT NULL,
  `EmailAddress` varchar(120) DEFAULT NULL,
  `FreeformContactInfo` text DEFAULT NULL,
  `Organization` varchar(200) DEFAULT NULL,
  `RealName` varchar(120) DEFAULT NULL,
  `NickName` varchar(16) DEFAULT NULL,
  `Lang` varchar(16) DEFAULT NULL,
  `Gecos` varchar(16) DEFAULT NULL,
  `HomePhone` varchar(30) DEFAULT NULL,
  `WorkPhone` varchar(30) DEFAULT NULL,
  `MobilePhone` varchar(30) DEFAULT NULL,
  `PagerPhone` varchar(30) DEFAULT NULL,
  `Address1` varchar(200) DEFAULT NULL,
  `Address2` varchar(200) DEFAULT NULL,
  `City` varchar(100) DEFAULT NULL,
  `State` varchar(100) DEFAULT NULL,
  `Zip` varchar(16) DEFAULT NULL,
  `Country` varchar(50) DEFAULT NULL,
  `Timezone` varchar(50) DEFAULT NULL,
  `SMIMECertificate` text DEFAULT NULL,
  `Creator` int(11) NOT NULL DEFAULT 0,
  `Created` datetime DEFAULT NULL,
  `LastUpdatedBy` int(11) NOT NULL DEFAULT 0,
  `LastUpdated` datetime DEFAULT NULL,
  PRIMARY KEY (`id`),
  UNIQUE KEY `Users1` (`Name`),
  KEY `Users4` (`EmailAddress`)
) ENGINE=InnoDB AUTO_INCREMENT=15 DEFAULT CHARSET=utf8mb4 COLLATE=utf8mb4_general_ci;
/*!40101 SET character_set_client = @saved_cs_client */;

--
-- Dumping data for table `Users`
--

LOCK TABLES `Users` WRITE;
/*!40000 ALTER TABLE `Users` DISABLE KEYS */;
INSERT INTO `Users` VALUES
(1,'RT_System','*NO-PASSWORD*',NULL,'Do not delete or modify this user. It is integral to RT\'s internal database structures',NULL,NULL,NULL,NULL,'The RT System itself',NULL,NULL,NULL,NULL,NULL,NULL,NULL,NULL,NULL,NULL,NULL,NULL,NULL,NULL,NULL,1,'2024-02-06 15:10:02',1,'2024-02-06 15:10:02'),
(6,'Nobody','*NO-PASSWORD*',NULL,'Do not delete or modify this user. It is integral to RT\'s internal data structures',NULL,'',NULL,NULL,'Nobody in particular',NULL,NULL,NULL,NULL,NULL,NULL,NULL,NULL,NULL,NULL,NULL,NULL,NULL,NULL,NULL,1,'2024-02-06 15:10:02',1,'2024-02-06 15:10:02'),
(14,'root','!bcrypt!12!Hv0ZGEw4nGH3yCYgVJtmI.wU9d78/0TCj/jsRwd5ON80rC2TgyOr.',NULL,'SuperUser',NULL,'root@localhost',NULL,NULL,'Enoch Root',NULL,NULL,'root',NULL,NULL,NULL,NULL,NULL,NULL,NULL,NULL,NULL,NULL,NULL,NULL,1,'2024-02-06 15:10:03',1,'2024-02-06 15:10:03');
/*!40000 ALTER TABLE `Users` ENABLE KEYS */;
UNLOCK TABLES;

--
-- Table structure for table `sessions`
--

DROP TABLE IF EXISTS `sessions`;
/*!40101 SET @saved_cs_client     = @@character_set_client */;
/*!40101 SET character_set_client = utf8 */;
CREATE TABLE `sessions` (
  `id` char(32) NOT NULL,
  `a_session` longblob DEFAULT NULL,
  `LastUpdated` timestamp NULL DEFAULT NULL,
  PRIMARY KEY (`id`)
) ENGINE=InnoDB DEFAULT CHARSET=utf8mb4 COLLATE=utf8mb4_general_ci;
/*!40101 SET character_set_client = @saved_cs_client */;

--
-- Dumping data for table `sessions`
--

LOCK TABLES `sessions` WRITE;
/*!40000 ALTER TABLE `sessions` DISABLE KEYS */;
/*!40000 ALTER TABLE `sessions` ENABLE KEYS */;
UNLOCK TABLES;
/*!40103 SET TIME_ZONE=@OLD_TIME_ZONE */;

/*!40101 SET SQL_MODE=@OLD_SQL_MODE */;
/*!40014 SET FOREIGN_KEY_CHECKS=@OLD_FOREIGN_KEY_CHECKS */;
/*!40014 SET UNIQUE_CHECKS=@OLD_UNIQUE_CHECKS */;
/*!40101 SET CHARACTER_SET_CLIENT=@OLD_CHARACTER_SET_CLIENT */;
/*!40101 SET CHARACTER_SET_RESULTS=@OLD_CHARACTER_SET_RESULTS */;
/*!40101 SET COLLATION_CONNECTION=@OLD_COLLATION_CONNECTION */;
/*!40111 SET SQL_NOTES=@OLD_SQL_NOTES */;

-- Dump completed on 2024-02-06 10:28:46
